Date,Sector,Metric,Value
2019-01,Transportation,Number of Transactions,1899.077
2019-02,Transportation,Number of Transactions,1746.701
2019-03,Transportation,Number of Transactions,2086.371
2019-04,Transportation,Number of Transactions,2048.745
2019-05,Transportation,Number of Transactions,2165.553
2019-06,Transportation,Number of Transactions,2142.243
2019-07,Transportation,Number of Transactions,2588.204
2019-08,Transportation,Number of Transactions,2303.998
2019-09,Transportation,Number of Transactions,2573.871
2019-10,Transportation,Number of Transactions,2788.357
2019-11,Transportation,Number of Transactions,2765.102
2019-12,Transportation,Number of Transactions,3037.424
2020-01,Transportation,Number of Transactions,3028.642
2020-02,Transportation,Number of Transactions,2985.997
2020-03,Transportation,Number of Transactions,2551.894
2020-04,Transportation,Number of Transactions,1170.697
2020-05,Transportation,Number of Transactions,1972.944
2020-06,Transportation,Number of Transactions,3692.958
2020-07,Transportation,Number of Transactions,3912.342
2020-08,Transportation,Number of Transactions,3910.619
2020-09,Transportation,Number of Transactions,4213.741
2020-10,Transportation,Number of Transactions,4416.45
2020-11,Transportation,Number of Transactions,4444.543
2020-12,Transportation,Number of Transactions,4725.232
2021-01,Transportation,Number of Transactions,4740.931
2021-02,Transportation,Number of Transactions,4330.586
2021-03,Transportation,Number of Transactions,5406.659
2021-04,Transportation,Number of Transactions,4992.253
2021-05,Transportation,Number of Transactions,5429.624
2021-06,Transportation,Number of Transactions,5935.958
2021-07,Transportation,Number of Transactions,5996.572
2021-08,Transportation,Number of Transactions,6491.358
2021-09,Transportation,Number of Transactions,6447.636
2021-10,Transportation,Number of Transactions,6781.508
2021-11,Transportation,Number of Transactions,7041.537
2021-12,Transportation,Number of Transactions,7224.303
2022-01,Transportation,Number of Transactions,7246.056
2022-02,Transportation,Number of Transactions,6524.513
2022-03,Transportation,Number of Transactions,8086.545
2022-04,Transportation,Number of Transactions,7748.64
2022-05,Transportation,Number of Transactions,7366.89
2022-06,Transportation,Number of Transactions,8272.015
2022-07,Transportation,Number of Transactions,8058.74
2022-08,Transportation,Number of Transactions,9086.947
2022-09,Transportation,Number of Transactions,8573.52
2022-10,Transportation,Number of Transactions,8985.56
2022-11,Transportation,Number of Transactions,9030.014
2022-12,Transportation,Number of Transactions,9368.812
2023-01,Transportation,Number of Transactions,9614.367
2023-02,Transportation,Number of Transactions,8820.728
2023-03,Transportation,Number of Transactions,10573.024
2023-04,Transportation,Number of Transactions,9923.141
2023-05,Transportation,Number of Transactions,10884.591
2023-06,Transportation,Number of Transactions,10899.288
2023-07,Transportation,Number of Transactions,11207.863
2023-08,Transportation,Number of Transactions,11707.184
2023-09,Transportation,Number of Transactions,11042.092
2023-10,Transportation,Number of Transactions,11531.276
2023-11,Transportation,Number of Transactions,11706.141
2023-12,Transportation,Number of Transactions,11627.015
2019-01,Transportation,Sales,1550703.80265999
2019-02,Transportation,Sales,1389410.25634999
2019-03,Transportation,Sales,1655389.90953999
2019-04,Transportation,Sales,1672051.67368999
2019-05,Transportation,Sales,1915379.4871
2019-06,Transportation,Sales,1636422.86833
2019-07,Transportation,Sales,2133472.61984999
2019-08,Transportation,Sales,1634392.59443999
2019-09,Transportation,Sales,1879081.61300999
2019-10,Transportation,Sales,1895700.35976999
2019-11,Transportation,Sales,1782993.37358999
2019-12,Transportation,Sales,2020525.83668999
2020-01,Transportation,Sales,1924317.88362999
2020-02,Transportation,Sales,1813561.38462999
2020-03,Transportation,Sales,1445158.25604999
2020-04,Transportation,Sales,432091.35142
2020-05,Transportation,Sales,1121251.32427
2020-06,Transportation,Sales,2766397.07186
2020-07,Transportation,Sales,1677233.22476999
2020-08,Transportation,Sales,1700685.323
2020-09,Transportation,Sales,1837171.525
2020-10,Transportation,Sales,1898348.771
2020-11,Transportation,Sales,1863208.77369998
2020-12,Transportation,Sales,2027419.526
2021-01,Transportation,Sales,1942980.72879998
2021-02,Transportation,Sales,1731536.43075998
2021-03,Transportation,Sales,2127864.42155998
2021-04,Transportation,Sales,1987775.808
2021-05,Transportation,Sales,2040482.64735997
2021-06,Transportation,Sales,2335153.81143997
2021-07,Transportation,Sales,2073718.31555997
2021-08,Transportation,Sales,2354779.42015997
2021-09,Transportation,Sales,2246921.946
2021-10,Transportation,Sales,2224041.45185997
2021-11,Transportation,Sales,2308939.52862997
2021-12,Transportation,Sales,2315447.11447997
2022-01,Transportation,Sales,2270512.87456997
2022-02,Transportation,Sales,2059582.42307998
2022-03,Transportation,Sales,2575464.188
2022-04,Transportation,Sales,2549937.40689997
2022-05,Transportation,Sales,2351362.84453997
2022-06,Transportation,Sales,2763592.98911996
2022-07,Transportation,Sales,2409803.89000997
2022-08,Transportation,Sales,2917468.02992996
2022-09,Transportation,Sales,2637013.21884996
2022-10,Transportation,Sales,2824971.30977995
2022-11,Transportation,Sales,2699526.47365997
2022-12,Transportation,Sales,2677492.29527996
2023-01,Transportation,Sales,2666195.26261997
2023-02,Transportation,Sales,2448637.15316997
2023-03,Transportation,Sales,2955165.70025994
2023-04,Transportation,Sales,2673940.50844997
2023-05,Transportation,Sales,3073150.16110995
2023-06,Transportation,Sales,2863080.03942996
2023-07,Transportation,Sales,3080828.30266996
2023-08,Transportation,Sales,3214428.48821995
2023-09,Transportation,Sales,2921067.73718995
2023-10,Transportation,Sales,3162735.74784995
2023-11,Transportation,Sales,3111001.82351995
2023-12,Transportation,Sales,3115907.70870995
2019-01,Health,Number of Transactions,12614.094
2019-02,Health,Number of Transactions,11939.223
2019-03,Health,Number of Transactions,14027.252
2019-04,Health,Number of Transactions,12804.398
2019-05,Health,Number of Transactions,13299.023
2019-06,Health,Number of Transactions,12624.781
2019-07,Health,Number of Transactions,13975.094
2019-08,Health,Number of Transactions,13589.78
2019-09,Health,Number of Transactions,15053.449
2019-10,Health,Number of Transactions,16529.532
2019-11,Health,Number of Transactions,16251.415
2019-12,Health,Number of Transactions,16979.633
2020-01,Health,Number of Transactions,16132.182
2020-02,Health,Number of Transactions,16652.064
2020-03,Health,Number of Transactions,18364.531
2020-04,Health,Number of Transactions,13987.405
2020-05,Health,Number of Transactions,17195.378
2020-06,Health,Number of Transactions,21588.123
2020-07,Health,Number of Transactions,21296.824
2020-08,Health,Number of Transactions,20412.247
2020-09,Health,Number of Transactions,20873.084
2020-10,Health,Number of Transactions,21684.811
2020-11,Health,Number of Transactions,20879.643
2020-12,Health,Number of Transactions,22009.284
2021-01,Health,Number of Transactions,22945.293
2021-02,Health,Number of Transactions,19773.227
2021-03,Health,Number of Transactions,23742.499
2021-04,Health,Number of Transactions,22153.539
2021-05,Health,Number of Transactions,24128.499
2021-06,Health,Number of Transactions,24430.716
2021-07,Health,Number of Transactions,24567.51
2021-08,Health,Number of Transactions,25430.667
2021-09,Health,Number of Transactions,24783.54
2021-10,Health,Number of Transactions,26480.098
2021-11,Health,Number of Transactions,26126.146
2021-12,Health,Number of Transactions,27649.422
2022-01,Health,Number of Transactions,30689.707
2022-02,Health,Number of Transactions,26030.139
2022-03,Health,Number of Transactions,29065.127
2022-04,Health,Number of Transactions,29061.329
2022-05,Health,Number of Transactions,30384.174
2022-06,Health,Number of Transactions,31520.624
2022-07,Health,Number of Transactions,28655.489
2022-08,Health,Number of Transactions,29144.823
2022-09,Health,Number of Transactions,31262.954
2022-10,Health,Number of Transactions,35449.514
2022-11,Health,Number of Transactions,32672.006
2022-12,Health,Number of Transactions,32307.513
2023-01,Health,Number of Transactions,33266.697
2023-02,Health,Number of Transactions,30524.103
2023-03,Health,Number of Transactions,32734.737
2023-04,Health,Number of Transactions,31843.168
2023-05,Health,Number of Transactions,33789.432
2023-06,Health,Number of Transactions,30866.352
2023-07,Health,Number of Transactions,31382.865
2023-08,Health,Number of Transactions,32034.657
2023-09,Health,Number of Transactions,33772.494
2023-10,Health,Number of Transactions,36814.268
2023-11,Health,Number of Transactions,32736.227
2023-12,Health,Number of Transactions,35257.238
2019-01,Health,Sales,1973117.29363999
2019-02,Health,Sales,1813683.20407999
2019-03,Health,Sales,2163346.79443999
2019-04,Health,Sales,2009108.47987999
2019-05,Health,Sales,2206494.2895
2019-06,Health,Sales,1795911.03987
2019-07,Health,Sales,2189404.32942999
2019-08,Health,Sales,1883641.73920999
2019-09,Health,Sales,2210938.58481999
2019-10,Health,Sales,2252452.75874
2019-11,Health,Sales,2148096.3337
2019-12,Health,Sales,2338051.33789999
2020-01,Health,Sales,2205324.07356999
2020-02,Health,Sales,2216091.45727999
2020-03,Health,Sales,2195597.30565998
2020-04,Health,Sales,1469474.26742
2020-05,Health,Sales,1953364.15569998
2020-06,Health,Sales,2761310.40652
2020-07,Health,Sales,2899403.41520999
2020-08,Health,Sales,2688799.482
2020-09,Health,Sales,2958278.76
2020-10,Health,Sales,2832486.588
2020-11,Health,Sales,2735160.26468999
2020-12,Health,Sales,2891886.883
2021-01,Health,Sales,2846468.09995999
2021-02,Health,Sales,2552095.99428998
2021-03,Health,Sales,3086861.43869001
2021-04,Health,Sales,2736298.394
2021-05,Health,Sales,2865575.11555001
2021-06,Health,Sales,3153379.52048998
2021-07,Health,Sales,2856659.87037999
2021-08,Health,Sales,3079722.59443998
2021-09,Health,Sales,3139635.204
2021-10,Health,Sales,3021016.33335001
2021-11,Health,Sales,2950826.30962
2021-12,Health,Sales,3096197.87051
2022-01,Health,Sales,3249792.784874
2022-02,Health,Sales,2865726.43609999
2022-03,Health,Sales,3308540.161
2022-04,Health,Sales,3207032.87483
2022-05,Health,Sales,2987877.56139001
2022-06,Health,Sales,3342285.12955001
2022-07,Health,Sales,2933433.81714998
2022-08,Health,Sales,3166487.37155001
2022-09,Health,Sales,3317035.33392
2022-10,Health,Sales,3432822.82621999
2022-11,Health,Sales,3157508.49585999
2022-12,Health,Sales,3197808.38652999
2023-01,Health,Sales,3235984.491
2023-02,Health,Sales,3034736.22152998
2023-03,Health,Sales,3310925.45143999
2023-04,Health,Sales,3143608.67314
2023-05,Health,Sales,3442461.53623
2023-06,Health,Sales,3178405.37208001
2023-07,Health,Sales,3235846.32197002
2023-08,Health,Sales,3319926.20607001
2023-09,Health,Sales,3463024.84182001
2023-10,Health,Sales,3501583.12962999
2023-11,Health,Sales,3188729.44432
2023-12,Health,Sales,3401099.55567003
2019-01,Restaurants & Café,Number of Transactions,29663.872
2019-02,Restaurants & Café,Number of Transactions,29106.222
2019-03,Restaurants & Café,Number of Transactions,35390.892
2019-04,Restaurants & Café,Number of Transactions,35198.134
2019-05,Restaurants & Café,Number of Transactions,27549.407
2019-06,Restaurants & Café,Number of Transactions,34922.072
2019-07,Restaurants & Café,Number of Transactions,41034.79
2019-08,Restaurants & Café,Number of Transactions,40425.012
2019-09,Restaurants & Café,Number of Transactions,44116.194
2019-10,Restaurants & Café,Number of Transactions,49960.417
2019-11,Restaurants & Café,Number of Transactions,51351.584
2019-12,Restaurants & Café,Number of Transactions,54985.328
2020-01,Restaurants & Café,Number of Transactions,56713.664
2020-02,Restaurants & Café,Number of Transactions,56625.944
2020-03,Restaurants & Café,Number of Transactions,43655.244
2020-04,Restaurants & Café,Number of Transactions,16298.075
2020-05,Restaurants & Café,Number of Transactions,25368.119
2020-06,Restaurants & Café,Number of Transactions,53251.59
2020-07,Restaurants & Café,Number of Transactions,72615.789
2020-08,Restaurants & Café,Number of Transactions,76653.525
2020-09,Restaurants & Café,Number of Transactions,83482.025
2020-10,Restaurants & Café,Number of Transactions,90968.352
2020-11,Restaurants & Café,Number of Transactions,92218.063
2020-12,Restaurants & Café,Number of Transactions,101167.269
2021-01,Restaurants & Café,Number of Transactions,104417.517
2021-02,Restaurants & Café,Number of Transactions,87217.751
2021-03,Restaurants & Café,Number of Transactions,110498.387
2021-04,Restaurants & Café,Number of Transactions,88280.96
2021-05,Restaurants & Café,Number of Transactions,105593.074
2021-06,Restaurants & Café,Number of Transactions,122824.088
2021-07,Restaurants & Café,Number of Transactions,125477.909
2021-08,Restaurants & Café,Number of Transactions,131073.286
2021-09,Restaurants & Café,Number of Transactions,132812.119
2021-10,Restaurants & Café,Number of Transactions,142763.248
2021-11,Restaurants & Café,Number of Transactions,144102.78
2021-12,Restaurants & Café,Number of Transactions,152995.89
2022-01,Restaurants & Café,Number of Transactions,154489.515
2022-02,Restaurants & Café,Number of Transactions,146934.067
2022-03,Restaurants & Café,Number of Transactions,175337.93
2022-04,Restaurants & Café,Number of Transactions,114091.074
2022-05,Restaurants & Café,Number of Transactions,168546.859
2022-06,Restaurants & Café,Number of Transactions,173949.764
2022-07,Restaurants & Café,Number of Transactions,172604.639
2022-08,Restaurants & Café,Number of Transactions,181750.555
2022-09,Restaurants & Café,Number of Transactions,181102.396
2022-10,Restaurants & Café,Number of Transactions,189664.917
2022-11,Restaurants & Café,Number of Transactions,189546.391
2022-12,Restaurants & Café,Number of Transactions,200349.837
2023-01,Restaurants & Café,Number of Transactions,202323.694
2023-02,Restaurants & Café,Number of Transactions,187912.366
2023-03,Restaurants & Café,Number of Transactions,195193.49
2023-04,Restaurants & Café,Number of Transactions,166970.026
2023-05,Restaurants & Café,Number of Transactions,224208.245
2023-06,Restaurants & Café,Number of Transactions,215299.05
2023-07,Restaurants & Café,Number of Transactions,214864.06
2023-08,Restaurants & Café,Number of Transactions,223519.701
2023-09,Restaurants & Café,Number of Transactions,219585.697
2023-10,Restaurants & Café,Number of Transactions,234396.873
2023-11,Restaurants & Café,Number of Transactions,234746.682
2023-12,Restaurants & Café,Number of Transactions,240776.084
2019-01,Restaurants & Café,Sales,2081076.92133992
2019-02,Restaurants & Café,Sales,1948217.15045992
2019-03,Restaurants & Café,Sales,2385470.64784991
2019-04,Restaurants & Café,Sales,2300698.58243993
2019-05,Restaurants & Café,Sales,2011839.923
2019-06,Restaurants & Café,Sales,2476076.31272996
2019-07,Restaurants & Café,Sales,2552515.49402992
2019-08,Restaurants & Café,Sales,2560806.74572996
2019-09,Restaurants & Café,Sales,2513913.61475994
2019-10,Restaurants & Café,Sales,2816242.24069002
2019-11,Restaurants & Café,Sales,2849080.79050005
2019-12,Restaurants & Café,Sales,3054016.62572011
2020-01,Restaurants & Café,Sales,3343975.25123018
2020-02,Restaurants & Café,Sales,3028889.34256011
2020-03,Restaurants & Café,Sales,2270961.19836992
2020-04,Restaurants & Café,Sales,991406.009199969
2020-05,Restaurants & Café,Sales,1733602.12753994
2020-06,Restaurants & Café,Sales,2723151.58968
2020-07,Restaurants & Café,Sales,3908646.42126048
2020-08,Restaurants & Café,Sales,4040630.75939057
2020-09,Restaurants & Café,Sales,4213053.427
2020-10,Restaurants & Café,Sales,4497378.975
2020-11,Restaurants & Café,Sales,4434446.30277077
2020-12,Restaurants & Café,Sales,4873845.165
2021-01,Restaurants & Café,Sales,5180471.62929115
2021-02,Restaurants & Café,Sales,3642065.65304043
2021-03,Restaurants & Café,Sales,4880313.83033113
2021-04,Restaurants & Café,Sales,4038278.614
2021-05,Restaurants & Café,Sales,5224183.12738095
2021-06,Restaurants & Café,Sales,5356889.63488135
2021-07,Restaurants & Café,Sales,5623806.0504812
2021-08,Restaurants & Café,Sales,5458305.47042155
2021-09,Restaurants & Café,Sales,5393029.173
2021-10,Restaurants & Café,Sales,5777558.51141156
2021-11,Restaurants & Café,Sales,5810502.18070156
2021-12,Restaurants & Café,Sales,6262141.95103195
2022-01,Restaurants & Café,Sales,6166568.37401209
2022-02,Restaurants & Café,Sales,5783993.64319167
2022-03,Restaurants & Café,Sales,6930176.407
2022-04,Restaurants & Café,Sales,5013739.72060418
2022-05,Restaurants & Café,Sales,6783304.87598441
2022-06,Restaurants & Café,Sales,6538545.86484258
2022-07,Restaurants & Café,Sales,6978732.27365233
2022-08,Restaurants & Café,Sales,6854678.0290027
2022-09,Restaurants & Café,Sales,6600527.46150219
2022-10,Restaurants & Café,Sales,6761498.62856275
2022-11,Restaurants & Café,Sales,6918131.57877284
2022-12,Restaurants & Café,Sales,7301545.94492309
2023-01,Restaurants & Café,Sales,7249776.47620324
2023-02,Restaurants & Café,Sales,6666023.73621251
2023-03,Restaurants & Café,Sales,7161285.31277302
2023-04,Restaurants & Café,Sales,6870567.26372205
2023-05,Restaurants & Café,Sales,7619274.04296305
2023-06,Restaurants & Café,Sales,7908464.07377275
2023-07,Restaurants & Café,Sales,7586549.86503316
2023-08,Restaurants & Café,Sales,7634553.83680328
2023-09,Restaurants & Café,Sales,7307310.18980292
2023-10,Restaurants & Café,Sales,7495693.04853322
2023-11,Restaurants & Café,Sales,7871791.3656733
2023-12,Restaurants & Café,Sales,8003161.76426349
2019-01,Hotels,Number of Transactions,1045.32
2019-02,Hotels,Number of Transactions,918.023
2019-03,Hotels,Number of Transactions,1064.079
2019-04,Hotels,Number of Transactions,1025.882
2019-05,Hotels,Number of Transactions,1105.78
2019-06,Hotels,Number of Transactions,1333.953
2019-07,Hotels,Number of Transactions,1451.638
2019-08,Hotels,Number of Transactions,1266.849
2019-09,Hotels,Number of Transactions,1301.277
2019-10,Hotels,Number of Transactions,1333.607
2019-11,Hotels,Number of Transactions,1344.622
2019-12,Hotels,Number of Transactions,1414.873
2020-01,Hotels,Number of Transactions,1859.413
2020-02,Hotels,Number of Transactions,1445.319
2020-03,Hotels,Number of Transactions,812.121
2020-04,Hotels,Number of Transactions,209.699
2020-05,Hotels,Number of Transactions,280.884
2020-06,Hotels,Number of Transactions,767.805
2020-07,Hotels,Number of Transactions,1313.054
2020-08,Hotels,Number of Transactions,1646.242
2020-09,Hotels,Number of Transactions,1512.519
2020-10,Hotels,Number of Transactions,1638.144
2020-11,Hotels,Number of Transactions,1663.124
2020-12,Hotels,Number of Transactions,1817.756
2021-01,Hotels,Number of Transactions,2294.087
2021-02,Hotels,Number of Transactions,1311.09
2021-03,Hotels,Number of Transactions,1844.112
2021-04,Hotels,Number of Transactions,1509.839
2021-05,Hotels,Number of Transactions,2067.072
2021-06,Hotels,Number of Transactions,2407.077
2021-07,Hotels,Number of Transactions,2371.082
2021-08,Hotels,Number of Transactions,2466.972
2021-09,Hotels,Number of Transactions,2093.915
2021-10,Hotels,Number of Transactions,2256.266
2021-11,Hotels,Number of Transactions,2300.264
2021-12,Hotels,Number of Transactions,2320.281
2022-01,Hotels,Number of Transactions,2249.725
2022-02,Hotels,Number of Transactions,2081.544
2022-03,Hotels,Number of Transactions,2688.464
2022-04,Hotels,Number of Transactions,2019.509
2022-05,Hotels,Number of Transactions,2592.628
2022-06,Hotels,Number of Transactions,2252.482
2022-07,Hotels,Number of Transactions,2664.833
2022-08,Hotels,Number of Transactions,3316.536
2022-09,Hotels,Number of Transactions,2424.416
2022-10,Hotels,Number of Transactions,2506.431
2022-11,Hotels,Number of Transactions,2671.953
2022-12,Hotels,Number of Transactions,2659.508
2023-01,Hotels,Number of Transactions,2563.478
2023-02,Hotels,Number of Transactions,2409.062
2023-03,Hotels,Number of Transactions,2861.787
2023-04,Hotels,Number of Transactions,2579.461
2023-05,Hotels,Number of Transactions,2870.352
2023-06,Hotels,Number of Transactions,2509.763
2023-07,Hotels,Number of Transactions,3284.048
2023-08,Hotels,Number of Transactions,3417.783
2023-09,Hotels,Number of Transactions,2780.464
2023-10,Hotels,Number of Transactions,2843.809
2023-11,Hotels,Number of Transactions,3166.369
2023-12,Hotels,Number of Transactions,3019.183
2019-01,Hotels,Sales,685241.502309993
2019-02,Hotels,Sales,1144949.11937999
2019-03,Hotels,Sales,586378.986899996
2019-04,Hotels,Sales,534941.818919995
2019-05,Hotels,Sales,787580.281749993
2019-06,Hotels,Sales,774073.541549995
2019-07,Hotels,Sales,733104.809289992
2019-08,Hotels,Sales,621123.900789998
2019-09,Hotels,Sales,656407.236129992
2019-10,Hotels,Sales,689406.686279995
2019-11,Hotels,Sales,679593.041679991
2019-12,Hotels,Sales,760970.651659998
2020-01,Hotels,Sales,1018185.14196999
2020-02,Hotels,Sales,697016.955589994
2020-03,Hotels,Sales,343584.627929998
2020-04,Hotels,Sales,89014.1905900003
2020-05,Hotels,Sales,101120.60221
2020-06,Hotels,Sales,270843.44778
2020-07,Hotels,Sales,493570.749779995
2020-08,Hotels,Sales,637058.262109994
2020-09,Hotels,Sales,548451.326
2020-10,Hotels,Sales,582439.991
2020-11,Hotels,Sales,606776.435929991
2020-12,Hotels,Sales,677640.586
2021-01,Hotels,Sales,940229.056749983
2021-02,Hotels,Sales,468219.337379994
2021-03,Hotels,Sales,585409.053309992
2021-04,Hotels,Sales,561712.763
2021-05,Hotels,Sales,850724.740569987
2021-06,Hotels,Sales,828118.194209991
2021-07,Hotels,Sales,816091.725199993
2021-08,Hotels,Sales,830009.736229984
2021-09,Hotels,Sales,679159.689
2021-10,Hotels,Sales,781049.681769989
2021-11,Hotels,Sales,896334.604369993
2021-12,Hotels,Sales,920164.645439989
2022-01,Hotels,Sales,878418.504399986
2022-02,Hotels,Sales,812917.425569987
2022-03,Hotels,Sales,1137415.884
2022-04,Hotels,Sales,1295415.47714998
2022-05,Hotels,Sales,993294.501799979
2022-06,Hotels,Sales,762538.556269989
2022-07,Hotels,Sales,930640.128489979
2022-08,Hotels,Sales,1217892.60364998
2022-09,Hotels,Sales,907504.904979986
2022-10,Hotels,Sales,1025709.01046998
2022-11,Hotels,Sales,1157777.78890999
2022-12,Hotels,Sales,1218130.48832998
2023-01,Hotels,Sales,1217205.61256998
2023-02,Hotels,Sales,1188820.55445999
2023-03,Hotels,Sales,1476600.03585998
2023-04,Hotels,Sales,1404261.20733998
2023-05,Hotels,Sales,1094288.29821999
2023-06,Hotels,Sales,852904.966539988
2023-07,Hotels,Sales,1137088.06775998
2023-08,Hotels,Sales,1264746.27485998
2023-09,Hotels,Sales,1059558.55785998
2023-10,Hotels,Sales,1207621.00754998
2023-11,Hotels,Sales,1375353.44892998
2023-12,Hotels,Sales,1409343.78203998
2019-01,Beverage and Food,Number of Transactions,24908.664
2019-02,Beverage and Food,Number of Transactions,23803.836
2019-03,Beverage and Food,Number of Transactions,28081.002
2019-04,Beverage and Food,Number of Transactions,28642.083
2019-05,Beverage and Food,Number of Transactions,30376.712
2019-06,Beverage and Food,Number of Transactions,27813.987
2019-07,Beverage and Food,Number of Transactions,32701.443
2019-08,Beverage and Food,Number of Transactions,33087.305
2019-09,Beverage and Food,Number of Transactions,36527.179
2019-10,Beverage and Food,Number of Transactions,40409.243
2019-11,Beverage and Food,Number of Transactions,40106.801
2019-12,Beverage and Food,Number of Transactions,41426.653
2020-01,Beverage and Food,Number of Transactions,41421.767
2020-02,Beverage and Food,Number of Transactions,43274.112
2020-03,Beverage and Food,Number of Transactions,54010.08
2020-04,Beverage and Food,Number of Transactions,54697.148
2020-05,Beverage and Food,Number of Transactions,57207.785
2020-06,Beverage and Food,Number of Transactions,65536.141
2020-07,Beverage and Food,Number of Transactions,71465.614
2020-08,Beverage and Food,Number of Transactions,73639.755
2020-09,Beverage and Food,Number of Transactions,77722.99
2020-10,Beverage and Food,Number of Transactions,83402.697
2020-11,Beverage and Food,Number of Transactions,83248.377
2020-12,Beverage and Food,Number of Transactions,88386.398
2021-01,Beverage and Food,Number of Transactions,89737.505
2021-02,Beverage and Food,Number of Transactions,85115.006
2021-03,Beverage and Food,Number of Transactions,102571.561
2021-04,Beverage and Food,Number of Transactions,99798.57
2021-05,Beverage and Food,Number of Transactions,101188.559
2021-06,Beverage and Food,Number of Transactions,108717.4
2021-07,Beverage and Food,Number of Transactions,112846.597
2021-08,Beverage and Food,Number of Transactions,117398.406
2021-09,Beverage and Food,Number of Transactions,115497.422
2021-10,Beverage and Food,Number of Transactions,120809.458
2021-11,Beverage and Food,Number of Transactions,116575.67
2021-12,Beverage and Food,Number of Transactions,122327.598
2022-01,Beverage and Food,Number of Transactions,122745.554
2022-02,Beverage and Food,Number of Transactions,116527.839
2022-03,Beverage and Food,Number of Transactions,139325.843
2022-04,Beverage and Food,Number of Transactions,128108.614
2022-05,Beverage and Food,Number of Transactions,135425.934
2022-06,Beverage and Food,Number of Transactions,141979.339
2022-07,Beverage and Food,Number of Transactions,142588.303
2022-08,Beverage and Food,Number of Transactions,150658.029
2022-09,Beverage and Food,Number of Transactions,150817.892
2022-10,Beverage and Food,Number of Transactions,156366.486
2022-11,Beverage and Food,Number of Transactions,149958.128
2022-12,Beverage and Food,Number of Transactions,154150.546
2023-01,Beverage and Food,Number of Transactions,153013.387
2023-02,Beverage and Food,Number of Transactions,145273.834
2023-03,Beverage and Food,Number of Transactions,173599.332
2023-04,Beverage and Food,Number of Transactions,157238.236
2023-05,Beverage and Food,Number of Transactions,180807.134
2023-06,Beverage and Food,Number of Transactions,179699.442
2023-07,Beverage and Food,Number of Transactions,180040.089
2023-08,Beverage and Food,Number of Transactions,188342.52
2023-09,Beverage and Food,Number of Transactions,186871.322
2023-10,Beverage and Food,Number of Transactions,196418.61
2023-11,Beverage and Food,Number of Transactions,184049.631
2023-12,Beverage and Food,Number of Transactions,192799.424
2019-01,Beverage and Food,Sales,2802871.73020001
2019-02,Beverage and Food,Sales,2530199.89780999
2019-03,Beverage and Food,Sales,3052079.62766003
2019-04,Beverage and Food,Sales,3232267.7979601
2019-05,Beverage and Food,Sales,3495170.839
2019-06,Beverage and Food,Sales,2656291.73597
2019-07,Beverage and Food,Sales,2964746.96640004
2019-08,Beverage and Food,Sales,3059998.13198006
2019-09,Beverage and Food,Sales,3275251.82032009
2019-10,Beverage and Food,Sales,3455207.39479009
2019-11,Beverage and Food,Sales,3408177.83615005
2019-12,Beverage and Food,Sales,3511138.53525008
2020-01,Beverage and Food,Sales,3576604.34639007
2020-02,Beverage and Food,Sales,3563756.56786013
2020-03,Beverage and Food,Sales,5731836.58652021
2020-04,Beverage and Food,Sales,6436896.72422031
2020-05,Beverage and Food,Sales,5500385.29011046
2020-06,Beverage and Food,Sales,5518250.20851
2020-07,Beverage and Food,Sales,5111516.94853032
2020-08,Beverage and Food,Sales,5149132.2485503
2020-09,Beverage and Food,Sales,5325670.931
2020-10,Beverage and Food,Sales,5550539.939
2020-11,Beverage and Food,Sales,5375486.33137052
2020-12,Beverage and Food,Sales,5607793.763
2021-01,Beverage and Food,Sales,5673979.68695056
2021-02,Beverage and Food,Sales,5188253.55494046
2021-03,Beverage and Food,Sales,6517253.76484053
2021-04,Beverage and Food,Sales,6646112.474
2021-05,Beverage and Food,Sales,5859475.37732046
2021-06,Beverage and Food,Sales,5884296.89465052
2021-07,Beverage and Food,Sales,6020379.49848052
2021-08,Beverage and Food,Sales,6199208.38776067
2021-09,Beverage and Food,Sales,6052876.82
2021-10,Beverage and Food,Sales,6300678.67491043
2021-11,Beverage and Food,Sales,5964729.27815061
2021-12,Beverage and Food,Sales,6506649.26921859
2022-01,Beverage and Food,Sales,6547484.30006066
2022-02,Beverage and Food,Sales,6005408.43199357
2022-03,Beverage and Food,Sales,8176885.992
2022-04,Beverage and Food,Sales,7143991.49060357
2022-05,Beverage and Food,Sales,6560375.94824854
2022-06,Beverage and Food,Sales,6612568.93743059
2022-07,Beverage and Food,Sales,6773734.78264065
2022-08,Beverage and Food,Sales,7148149.82975063
2022-09,Beverage and Food,Sales,7180464.17556058
2022-10,Beverage and Food,Sales,7475576.77590073
2022-11,Beverage and Food,Sales,6995299.22010064
2022-12,Beverage and Food,Sales,7599772.75357072
2023-01,Beverage and Food,Sales,7479954.09295081
2023-02,Beverage and Food,Sales,6860193.97314064
2023-03,Beverage and Food,Sales,9387070.18778078
2023-04,Beverage and Food,Sales,7633764.89210039
2023-05,Beverage and Food,Sales,7827644.17297058
2023-06,Beverage and Food,Sales,7768561.23232043
2023-07,Beverage and Food,Sales,7577554.51474056
2023-08,Beverage and Food,Sales,8168300.17231059
2023-09,Beverage and Food,Sales,8040070.86451066
2023-10,Beverage and Food,Sales,8514267.73488048
2023-11,Beverage and Food,Sales,8060425.54391066
2023-12,Beverage and Food,Sales,8431110.80638059
2019-01,Clothing and Footwear,Number of Transactions,9773.773
2019-02,Clothing and Footwear,Number of Transactions,7588.253
2019-03,Clothing and Footwear,Number of Transactions,10263.027
2019-04,Clothing and Footwear,Number of Transactions,11237.533
2019-05,Clothing and Footwear,Number of Transactions,18462.463
2019-06,Clothing and Footwear,Number of Transactions,10604.072
2019-07,Clothing and Footwear,Number of Transactions,10990.043
2019-08,Clothing and Footwear,Number of Transactions,13244.403
2019-09,Clothing and Footwear,Number of Transactions,9777.283
2019-10,Clothing and Footwear,Number of Transactions,10201.479
2019-11,Clothing and Footwear,Number of Transactions,12564.339
2019-12,Clothing and Footwear,Number of Transactions,13139.273
2020-01,Clothing and Footwear,Number of Transactions,14094.245
2020-02,Clothing and Footwear,Number of Transactions,10211.246
2020-03,Clothing and Footwear,Number of Transactions,6707.423
2020-04,Clothing and Footwear,Number of Transactions,2811.229
2020-05,Clothing and Footwear,Number of Transactions,11247.763
2020-06,Clothing and Footwear,Number of Transactions,10853.269
2020-07,Clothing and Footwear,Number of Transactions,17633.735
2020-08,Clothing and Footwear,Number of Transactions,11472.548
2020-09,Clothing and Footwear,Number of Transactions,13384.828
2020-10,Clothing and Footwear,Number of Transactions,14335.101
2020-11,Clothing and Footwear,Number of Transactions,15823.127
2020-12,Clothing and Footwear,Number of Transactions,18895.14
2021-01,Clothing and Footwear,Number of Transactions,16992.672
2021-02,Clothing and Footwear,Number of Transactions,11256.463
2021-03,Clothing and Footwear,Number of Transactions,17721.25
2021-04,Clothing and Footwear,Number of Transactions,21986.903
2021-05,Clothing and Footwear,Number of Transactions,25368.601
2021-06,Clothing and Footwear,Number of Transactions,15845.937
2021-07,Clothing and Footwear,Number of Transactions,20508.921
2021-08,Clothing and Footwear,Number of Transactions,16545.646
2021-09,Clothing and Footwear,Number of Transactions,16433.155
2021-10,Clothing and Footwear,Number of Transactions,16866.943
2021-11,Clothing and Footwear,Number of Transactions,19419.195
2021-12,Clothing and Footwear,Number of Transactions,21248.731
2022-01,Clothing and Footwear,Number of Transactions,21912.542
2022-02,Clothing and Footwear,Number of Transactions,15964.22
2022-03,Clothing and Footwear,Number of Transactions,22998.628
2022-04,Clothing and Footwear,Number of Transactions,37082.553
2022-05,Clothing and Footwear,Number of Transactions,15951.068
2022-06,Clothing and Footwear,Number of Transactions,19325.501
2022-07,Clothing and Footwear,Number of Transactions,23690.688
2022-08,Clothing and Footwear,Number of Transactions,22322.954
2022-09,Clothing and Footwear,Number of Transactions,19764.455
2022-10,Clothing and Footwear,Number of Transactions,18781.012
2022-11,Clothing and Footwear,Number of Transactions,21471.78
2022-12,Clothing and Footwear,Number of Transactions,25159.873
2023-01,Clothing and Footwear,Number of Transactions,22718.194
2023-02,Clothing and Footwear,Number of Transactions,21343.078
2023-03,Clothing and Footwear,Number of Transactions,30176.562
2023-04,Clothing and Footwear,Number of Transactions,39575.535
2023-05,Clothing and Footwear,Number of Transactions,20553.459
2023-06,Clothing and Footwear,Number of Transactions,29662.8
2023-07,Clothing and Footwear,Number of Transactions,21822.852
2023-08,Clothing and Footwear,Number of Transactions,26488.228
2023-09,Clothing and Footwear,Number of Transactions,23271.2
2023-10,Clothing and Footwear,Number of Transactions,21823.334
2023-11,Clothing and Footwear,Number of Transactions,25981.209
2023-12,Clothing and Footwear,Number of Transactions,27497.617
2019-01,Clothing and Footwear,Sales,2075254.3328199
2019-02,Clothing and Footwear,Sales,1669056.65481991
2019-03,Clothing and Footwear,Sales,2381957.15942998
2019-04,Clothing and Footwear,Sales,2746846.08937012
2019-05,Clothing and Footwear,Sales,4799802.9628707
2019-06,Clothing and Footwear,Sales,2338217.16684996
2019-07,Clothing and Footwear,Sales,2301733.81653994
2019-08,Clothing and Footwear,Sales,2734288.6278601
2019-09,Clothing and Footwear,Sales,1894842.45520995
2019-10,Clothing and Footwear,Sales,2067083.93083993
2019-11,Clothing and Footwear,Sales,2777696.3323802
2019-12,Clothing and Footwear,Sales,2743524.04536011
2020-01,Clothing and Footwear,Sales,2734812.92892009
2020-02,Clothing and Footwear,Sales,2021299.21994992
2020-03,Clothing and Footwear,Sales,1314513.89423995
2020-04,Clothing and Footwear,Sales,476911.645189988
2020-05,Clothing and Footwear,Sales,2314524.21370997
2020-06,Clothing and Footwear,Sales,2270785.41726
2020-07,Clothing and Footwear,Sales,3293332.24253031
2020-08,Clothing and Footwear,Sales,2094333.80956991
2020-09,Clothing and Footwear,Sales,2361567.029
2020-10,Clothing and Footwear,Sales,2665164.568
2020-11,Clothing and Footwear,Sales,3012435.69153028
2020-12,Clothing and Footwear,Sales,3496977.57
2021-01,Clothing and Footwear,Sales,2910063.36436023
2021-02,Clothing and Footwear,Sales,1963550.90743988
2021-03,Clothing and Footwear,Sales,3302271.42161038
2021-04,Clothing and Footwear,Sales,4259559.912
2021-05,Clothing and Footwear,Sales,4499756.14480069
2021-06,Clothing and Footwear,Sales,2721811.61230015
2021-07,Clothing and Footwear,Sales,3363386.99606043
2021-08,Clothing and Footwear,Sales,2670491.90007014
2021-09,Clothing and Footwear,Sales,2596685.341
2021-10,Clothing and Footwear,Sales,2807448.78623012
2021-11,Clothing and Footwear,Sales,3404110.90975043
2021-12,Clothing and Footwear,Sales,3630494.71971056
2022-01,Clothing and Footwear,Sales,3359814.47421047
2022-02,Clothing and Footwear,Sales,2508967.70479001
2022-03,Clothing and Footwear,Sales,4034945.921
2022-04,Clothing and Footwear,Sales,6641693.34644147
2022-05,Clothing and Footwear,Sales,2488810.24465004
2022-06,Clothing and Footwear,Sales,3137363.59126039
2022-07,Clothing and Footwear,Sales,3610652.71693053
2022-08,Clothing and Footwear,Sales,3393752.26906052
2022-09,Clothing and Footwear,Sales,2841989.62943024
2022-10,Clothing and Footwear,Sales,2889010.83493031
2022-11,Clothing and Footwear,Sales,3428137.58182064
2022-12,Clothing and Footwear,Sales,3812908.84841067
2023-01,Clothing and Footwear,Sales,3216834.90646046
2023-02,Clothing and Footwear,Sales,2920747.9218203
2023-03,Clothing and Footwear,Sales,4698612.89298134
2023-04,Clothing and Footwear,Sales,6025769.08848139
2023-05,Clothing and Footwear,Sales,2831962.40416029
2023-06,Clothing and Footwear,Sales,4113983.11687069
2023-07,Clothing and Footwear,Sales,2901318.00919027
2023-08,Clothing and Footwear,Sales,3404214.95519046
2023-09,Clothing and Footwear,Sales,2838370.99549026
2023-10,Clothing and Footwear,Sales,2845733.29994027
2023-11,Clothing and Footwear,Sales,3594065.25534058
2023-12,Clothing and Footwear,Sales,3699367.60029061
2019-01,Recreation and Culture,Number of Transactions,3478.476
2019-02,Recreation and Culture,Number of Transactions,2859.138
2019-03,Recreation and Culture,Number of Transactions,3500.514
2019-04,Recreation and Culture,Number of Transactions,3361.925
2019-05,Recreation and Culture,Number of Transactions,3662.062
2019-06,Recreation and Culture,Number of Transactions,2971.953
2019-07,Recreation and Culture,Number of Transactions,3147.021
2019-08,Recreation and Culture,Number of Transactions,3913.466
2019-09,Recreation and Culture,Number of Transactions,5033.126
2019-10,Recreation and Culture,Number of Transactions,4565.201
2019-11,Recreation and Culture,Number of Transactions,4301.409
2019-12,Recreation and Culture,Number of Transactions,4552.97
2020-01,Recreation and Culture,Number of Transactions,5057.029
2020-02,Recreation and Culture,Number of Transactions,4815.384
2020-03,Recreation and Culture,Number of Transactions,3371.338
2020-04,Recreation and Culture,Number of Transactions,1668.189
2020-05,Recreation and Culture,Number of Transactions,3877.991
2020-06,Recreation and Culture,Number of Transactions,4544.803
2020-07,Recreation and Culture,Number of Transactions,5290.246
2020-08,Recreation and Culture,Number of Transactions,5107.123
2020-09,Recreation and Culture,Number of Transactions,6565.023
2020-10,Recreation and Culture,Number of Transactions,6288.552
2020-11,Recreation and Culture,Number of Transactions,5860.828
2020-12,Recreation and Culture,Number of Transactions,6576.094
2021-01,Recreation and Culture,Number of Transactions,6855.676
2021-02,Recreation and Culture,Number of Transactions,5601.511
2021-03,Recreation and Culture,Number of Transactions,6920.083
2021-04,Recreation and Culture,Number of Transactions,6449.845
2021-05,Recreation and Culture,Number of Transactions,7169.523
2021-06,Recreation and Culture,Number of Transactions,6307.418
2021-07,Recreation and Culture,Number of Transactions,6588.971
2021-08,Recreation and Culture,Number of Transactions,7597.594
2021-09,Recreation and Culture,Number of Transactions,8811.244
2021-10,Recreation and Culture,Number of Transactions,8195.408
2021-11,Recreation and Culture,Number of Transactions,7781.809
2021-12,Recreation and Culture,Number of Transactions,8637.131
2022-01,Recreation and Culture,Number of Transactions,8831.775
2022-02,Recreation and Culture,Number of Transactions,8253.869
2022-03,Recreation and Culture,Number of Transactions,10238.935
2022-04,Recreation and Culture,Number of Transactions,8679.804
2022-05,Recreation and Culture,Number of Transactions,8547.841
2022-06,Recreation and Culture,Number of Transactions,9075.489
2022-07,Recreation and Culture,Number of Transactions,8244.199
2022-08,Recreation and Culture,Number of Transactions,9608.566
2022-09,Recreation and Culture,Number of Transactions,11820.761
2022-10,Recreation and Culture,Number of Transactions,10667.661
2022-11,Recreation and Culture,Number of Transactions,9247.384
2022-12,Recreation and Culture,Number of Transactions,11115.78
2023-01,Recreation and Culture,Number of Transactions,9694.759
2023-02,Recreation and Culture,Number of Transactions,9355.776
2023-03,Recreation and Culture,Number of Transactions,10482.454
2023-04,Recreation and Culture,Number of Transactions,9147.96
2023-05,Recreation and Culture,Number of Transactions,10167.166
2023-06,Recreation and Culture,Number of Transactions,10565.292
2023-07,Recreation and Culture,Number of Transactions,8678.899
2023-08,Recreation and Culture,Number of Transactions,11528.727
2023-09,Recreation and Culture,Number of Transactions,11983.317
2023-10,Recreation and Culture,Number of Transactions,11026.779
2023-11,Recreation and Culture,Number of Transactions,10955.871
2023-12,Recreation and Culture,Number of Transactions,12716.234
2019-01,Recreation and Culture,Sales,927160.44332
2019-02,Recreation and Culture,Sales,722548.515519999
2019-03,Recreation and Culture,Sales,894417.781889995
2019-04,Recreation and Culture,Sales,912410.847849994
2019-05,Recreation and Culture,Sales,1073186.083
2019-06,Recreation and Culture,Sales,752327.896429996
2019-07,Recreation and Culture,Sales,779412.359419995
2019-08,Recreation and Culture,Sales,1055822.48935
2019-09,Recreation and Culture,Sales,1100324.86685
2019-10,Recreation and Culture,Sales,968369.632799994
2019-11,Recreation and Culture,Sales,965242.531879996
2019-12,Recreation and Culture,Sales,1085701.17393
2020-01,Recreation and Culture,Sales,1213966.44544999
2020-02,Recreation and Culture,Sales,992972.263779996
2020-03,Recreation and Culture,Sales,782657.923219998
2020-04,Recreation and Culture,Sales,375196.51905
2020-05,Recreation and Culture,Sales,996929.344759996
2020-06,Recreation and Culture,Sales,1248105.28318
2020-07,Recreation and Culture,Sales,1004067.85684
2020-08,Recreation and Culture,Sales,1184702.95709999
2020-09,Recreation and Culture,Sales,1156573.372
2020-10,Recreation and Culture,Sales,1098070.045
2020-11,Recreation and Culture,Sales,1046019.17303
2020-12,Recreation and Culture,Sales,1336485.992
2021-01,Recreation and Culture,Sales,1356784.85222999
2021-02,Recreation and Culture,Sales,1069786.79946999
2021-03,Recreation and Culture,Sales,1224688.40511999
2021-04,Recreation and Culture,Sales,1122738.952
2021-05,Recreation and Culture,Sales,1277200.08501999
2021-06,Recreation and Culture,Sales,1025058.71830999
2021-07,Recreation and Culture,Sales,1027051.32499999
2021-08,Recreation and Culture,Sales,1209161.44332999
2021-09,Recreation and Culture,Sales,1206046.991
2021-10,Recreation and Culture,Sales,1188736.87269
2021-11,Recreation and Culture,Sales,1119196.14154999
2021-12,Recreation and Culture,Sales,1287724.38856999
2022-01,Recreation and Culture,Sales,1303791.24606999
2022-02,Recreation and Culture,Sales,1106120.26196999
2022-03,Recreation and Culture,Sales,1393757.722
2022-04,Recreation and Culture,Sales,1279712.71514999
2022-05,Recreation and Culture,Sales,1048379.01728999
2022-06,Recreation and Culture,Sales,1186000.60517999
2022-07,Recreation and Culture,Sales,1209437.99976999
2022-08,Recreation and Culture,Sales,1311247.66869998
2022-09,Recreation and Culture,Sales,1315869.60921999
2022-10,Recreation and Culture,Sales,1203441.13030998
2022-11,Recreation and Culture,Sales,1099624.35327999
2022-12,Recreation and Culture,Sales,1355367.14719998
2023-01,Recreation and Culture,Sales,1217163.11460998
2023-02,Recreation and Culture,Sales,1066188.02518999
2023-03,Recreation and Culture,Sales,1313678.68243998
2023-04,Recreation and Culture,Sales,1264742.82961998
2023-05,Recreation and Culture,Sales,1099072.93746999
2023-06,Recreation and Culture,Sales,1329709.08431999
2023-07,Recreation and Culture,Sales,1135511.88089999
2023-08,Recreation and Culture,Sales,1370962.23609998
2023-09,Recreation and Culture,Sales,1227799.50980999
2023-10,Recreation and Culture,Sales,1169485.28242999
2023-11,Recreation and Culture,Sales,1351442.25005999
2023-12,Recreation and Culture,Sales,1411033.52989998
2019-01,Miscellaneous Goods and Services,Number of Transactions,4227.172
2019-02,Miscellaneous Goods and Services,Number of Transactions,3894.387
2019-03,Miscellaneous Goods and Services,Number of Transactions,4731.979
2019-04,Miscellaneous Goods and Services,Number of Transactions,4584.009
2019-05,Miscellaneous Goods and Services,Number of Transactions,4799.748
2019-06,Miscellaneous Goods and Services,Number of Transactions,4383.269
2019-07,Miscellaneous Goods and Services,Number of Transactions,4977.98
2019-08,Miscellaneous Goods and Services,Number of Transactions,5050.562
2019-09,Miscellaneous Goods and Services,Number of Transactions,5638.655
2019-10,Miscellaneous Goods and Services,Number of Transactions,5954.014
2019-11,Miscellaneous Goods and Services,Number of Transactions,6258.294
2019-12,Miscellaneous Goods and Services,Number of Transactions,6728.647
2020-01,Miscellaneous Goods and Services,Number of Transactions,6862.249
2020-02,Miscellaneous Goods and Services,Number of Transactions,6680.723
2020-03,Miscellaneous Goods and Services,Number of Transactions,5734.219
2020-04,Miscellaneous Goods and Services,Number of Transactions,3570.769
2020-05,Miscellaneous Goods and Services,Number of Transactions,4667.604
2020-06,Miscellaneous Goods and Services,Number of Transactions,6634.571
2020-07,Miscellaneous Goods and Services,Number of Transactions,8480.803
2020-08,Miscellaneous Goods and Services,Number of Transactions,8582.097
2020-09,Miscellaneous Goods and Services,Number of Transactions,10734.497
2020-10,Miscellaneous Goods and Services,Number of Transactions,13059.414
2020-11,Miscellaneous Goods and Services,Number of Transactions,15483.664
2020-12,Miscellaneous Goods and Services,Number of Transactions,19717.412
2021-01,Miscellaneous Goods and Services,Number of Transactions,22753.028
2021-02,Miscellaneous Goods and Services,Number of Transactions,21308.077
2021-03,Miscellaneous Goods and Services,Number of Transactions,29063.124
2021-04,Miscellaneous Goods and Services,Number of Transactions,29633.1
2021-05,Miscellaneous Goods and Services,Number of Transactions,34198.138
2021-06,Miscellaneous Goods and Services,Number of Transactions,36744.134
2021-07,Miscellaneous Goods and Services,Number of Transactions,40235.459
2021-08,Miscellaneous Goods and Services,Number of Transactions,43143.775
2021-09,Miscellaneous Goods and Services,Number of Transactions,44596.282
2021-10,Miscellaneous Goods and Services,Number of Transactions,49054.761
2021-11,Miscellaneous Goods and Services,Number of Transactions,50751.213
2021-12,Miscellaneous Goods and Services,Number of Transactions,54644.646
2022-01,Miscellaneous Goods and Services,Number of Transactions,56389.729
2022-02,Miscellaneous Goods and Services,Number of Transactions,52750.683
2022-03,Miscellaneous Goods and Services,Number of Transactions,65895.241
2022-04,Miscellaneous Goods and Services,Number of Transactions,62562.851
2022-05,Miscellaneous Goods and Services,Number of Transactions,65491.819
2022-06,Miscellaneous Goods and Services,Number of Transactions,71136.929
2022-07,Miscellaneous Goods and Services,Number of Transactions,75167.141
2022-08,Miscellaneous Goods and Services,Number of Transactions,80371.558
2022-09,Miscellaneous Goods and Services,Number of Transactions,79601.629
2022-10,Miscellaneous Goods and Services,Number of Transactions,84550.587
2022-11,Miscellaneous Goods and Services,Number of Transactions,82195.274
2022-12,Miscellaneous Goods and Services,Number of Transactions,86503.976
2023-01,Miscellaneous Goods and Services,Number of Transactions,85581.193
2023-02,Miscellaneous Goods and Services,Number of Transactions,68635.876
2023-03,Miscellaneous Goods and Services,Number of Transactions,75586.091
2023-04,Miscellaneous Goods and Services,Number of Transactions,73121.028
2023-05,Miscellaneous Goods and Services,Number of Transactions,79738.029
2023-06,Miscellaneous Goods and Services,Number of Transactions,82369.109
2023-07,Miscellaneous Goods and Services,Number of Transactions,82937.054
2023-08,Miscellaneous Goods and Services,Number of Transactions,88655.11
2023-09,Miscellaneous Goods and Services,Number of Transactions,88500.188
2023-10,Miscellaneous Goods and Services,Number of Transactions,91062.196
2023-11,Miscellaneous Goods and Services,Number of Transactions,93076.359
2023-12,Miscellaneous Goods and Services,Number of Transactions,96387.346
2019-01,Miscellaneous Goods and Services,Sales,2290039.32895997
2019-02,Miscellaneous Goods and Services,Sales,2077502.28805997
2019-03,Miscellaneous Goods and Services,Sales,2515978.49844997
2019-04,Miscellaneous Goods and Services,Sales,2404890.99344997
2019-05,Miscellaneous Goods and Services,Sales,2576911.213
2019-06,Miscellaneous Goods and Services,Sales,1916124.80496998
2019-07,Miscellaneous Goods and Services,Sales,2384534.35690998
2019-08,Miscellaneous Goods and Services,Sales,2135942.80347999
2019-09,Miscellaneous Goods and Services,Sales,2556362.26399998
2019-10,Miscellaneous Goods and Services,Sales,2626943.11603998
2019-11,Miscellaneous Goods and Services,Sales,2417280.33770998
2019-12,Miscellaneous Goods and Services,Sales,2756321.65710998
2020-01,Miscellaneous Goods and Services,Sales,2646015.73192999
2020-02,Miscellaneous Goods and Services,Sales,2560020.17561999
2020-03,Miscellaneous Goods and Services,Sales,2328772.13100999
2020-04,Miscellaneous Goods and Services,Sales,1324488.09994999
2020-05,Miscellaneous Goods and Services,Sales,1674868.43157999
2020-06,Miscellaneous Goods and Services,Sales,2818807.81642
2020-07,Miscellaneous Goods and Services,Sales,2424150.31545997
2020-08,Miscellaneous Goods and Services,Sales,2242393.05265998
2020-09,Miscellaneous Goods and Services,Sales,2664892.632
2020-10,Miscellaneous Goods and Services,Sales,2605509.016
2020-11,Miscellaneous Goods and Services,Sales,2703378.15336991
2020-12,Miscellaneous Goods and Services,Sales,3179503.322
2021-01,Miscellaneous Goods and Services,Sales,3077263.85903992
2021-02,Miscellaneous Goods and Services,Sales,2674651.94297992
2021-03,Miscellaneous Goods and Services,Sales,3548684.42698998
2021-04,Miscellaneous Goods and Services,Sales,3319115.516
2021-05,Miscellaneous Goods and Services,Sales,3493036.25330995
2021-06,Miscellaneous Goods and Services,Sales,3627186.72189004
2021-07,Miscellaneous Goods and Services,Sales,3632197.81917003
2021-08,Miscellaneous Goods and Services,Sales,3844434.21539014
2021-09,Miscellaneous Goods and Services,Sales,3901750.623
2021-10,Miscellaneous Goods and Services,Sales,3912735.50677018
2021-11,Miscellaneous Goods and Services,Sales,4044287.14281326
2021-12,Miscellaneous Goods and Services,Sales,4401380.18940034
2022-01,Miscellaneous Goods and Services,Sales,4354955.31258037
2022-02,Miscellaneous Goods and Services,Sales,3995376.68372024
2022-03,Miscellaneous Goods and Services,Sales,5168315.269
2022-04,Miscellaneous Goods and Services,Sales,5150433.05404056
2022-05,Miscellaneous Goods and Services,Sales,4456269.8605705
2022-06,Miscellaneous Goods and Services,Sales,5024267.62233067
2022-07,Miscellaneous Goods and Services,Sales,5069774.68906061
2022-08,Miscellaneous Goods and Services,Sales,5395001.59122093
2022-09,Miscellaneous Goods and Services,Sales,5234633.05584091
2022-10,Miscellaneous Goods and Services,Sales,5323799.0919211
2022-11,Miscellaneous Goods and Services,Sales,5179960.6036413
2022-12,Miscellaneous Goods and Services,Sales,5554103.51937146
2023-01,Miscellaneous Goods and Services,Sales,5359651.66510164
2023-02,Miscellaneous Goods and Services,Sales,4678361.61623094
2023-03,Miscellaneous Goods and Services,Sales,5514830.39960142
2023-04,Miscellaneous Goods and Services,Sales,5313280.84715089
2023-05,Miscellaneous Goods and Services,Sales,5239348.74357105
2023-06,Miscellaneous Goods and Services,Sales,5511307.24553104
2023-07,Miscellaneous Goods and Services,Sales,5505670.00255124
2023-08,Miscellaneous Goods and Services,Sales,5842938.98824168
2023-09,Miscellaneous Goods and Services,Sales,5647255.25638143
2023-10,Miscellaneous Goods and Services,Sales,5834322.74543159
2023-11,Miscellaneous Goods and Services,Sales,6071806.64390191
2023-12,Miscellaneous Goods and Services,Sales,6384918.35784204
2019-01,Electronic & Electric Devices,Number of Transactions,1241.911
2019-02,Electronic & Electric Devices,Number of Transactions,1117.084
2019-03,Electronic & Electric Devices,Number of Transactions,1357.754
2019-04,Electronic & Electric Devices,Number of Transactions,1388.068
2019-05,Electronic & Electric Devices,Number of Transactions,1638.598
2019-06,Electronic & Electric Devices,Number of Transactions,1424.409
2019-07,Electronic & Electric Devices,Number of Transactions,1703.249
2019-08,Electronic & Electric Devices,Number of Transactions,1633.314
2019-09,Electronic & Electric Devices,Number of Transactions,1792.463
2019-10,Electronic & Electric Devices,Number of Transactions,1967.232
2019-11,Electronic & Electric Devices,Number of Transactions,2167.326
2019-12,Electronic & Electric Devices,Number of Transactions,1983.232
2020-01,Electronic & Electric Devices,Number of Transactions,1937.388
2020-02,Electronic & Electric Devices,Number of Transactions,1885.458
2020-03,Electronic & Electric Devices,Number of Transactions,1963.28
2020-04,Electronic & Electric Devices,Number of Transactions,1365.367
2020-05,Electronic & Electric Devices,Number of Transactions,1987.209
2020-06,Electronic & Electric Devices,Number of Transactions,2932.858
2020-07,Electronic & Electric Devices,Number of Transactions,2599.502
2020-08,Electronic & Electric Devices,Number of Transactions,2591.885
2020-09,Electronic & Electric Devices,Number of Transactions,2937.434
2020-10,Electronic & Electric Devices,Number of Transactions,2931.431
2020-11,Electronic & Electric Devices,Number of Transactions,3113.109
2020-12,Electronic & Electric Devices,Number of Transactions,2981.506
2021-01,Electronic & Electric Devices,Number of Transactions,2905.623
2021-02,Electronic & Electric Devices,Number of Transactions,2665.858
2021-03,Electronic & Electric Devices,Number of Transactions,3192.328
2021-04,Electronic & Electric Devices,Number of Transactions,2973.944
2021-05,Electronic & Electric Devices,Number of Transactions,2810.706
2021-06,Electronic & Electric Devices,Number of Transactions,2885.081
2021-07,Electronic & Electric Devices,Number of Transactions,2812.544
2021-08,Electronic & Electric Devices,Number of Transactions,3161.622
2021-09,Electronic & Electric Devices,Number of Transactions,3137.688
2021-10,Electronic & Electric Devices,Number of Transactions,3218.967
2021-11,Electronic & Electric Devices,Number of Transactions,3261.822
2021-12,Electronic & Electric Devices,Number of Transactions,3279.61
2022-01,Electronic & Electric Devices,Number of Transactions,3187.755
2022-02,Electronic & Electric Devices,Number of Transactions,2840.857
2022-03,Electronic & Electric Devices,Number of Transactions,3488.012
2022-04,Electronic & Electric Devices,Number of Transactions,3173.497
2022-05,Electronic & Electric Devices,Number of Transactions,2976.258
2022-06,Electronic & Electric Devices,Number of Transactions,3343.798
2022-07,Electronic & Electric Devices,Number of Transactions,3129.506
2022-08,Electronic & Electric Devices,Number of Transactions,3423.603
2022-09,Electronic & Electric Devices,Number of Transactions,3451.877
2022-10,Electronic & Electric Devices,Number of Transactions,3440.942
2022-11,Electronic & Electric Devices,Number of Transactions,3460.977
2022-12,Electronic & Electric Devices,Number of Transactions,3486.312
2023-01,Electronic & Electric Devices,Number of Transactions,3416.321
2023-02,Electronic & Electric Devices,Number of Transactions,3254.337
2023-03,Electronic & Electric Devices,Number of Transactions,4031.249
2023-04,Electronic & Electric Devices,Number of Transactions,3752.008
2023-05,Electronic & Electric Devices,Number of Transactions,4345.25
2023-06,Electronic & Electric Devices,Number of Transactions,4684.232
2023-07,Electronic & Electric Devices,Number of Transactions,4608.622
2023-08,Electronic & Electric Devices,Number of Transactions,5071.091
2023-09,Electronic & Electric Devices,Number of Transactions,5394.846
2023-10,Electronic & Electric Devices,Number of Transactions,4984.898
2023-11,Electronic & Electric Devices,Number of Transactions,4700.451
2023-12,Electronic & Electric Devices,Number of Transactions,4725.363
2019-01,Electronic & Electric Devices,Sales,676315.320779993
2019-02,Electronic & Electric Devices,Sales,631281.895839994
2019-03,Electronic & Electric Devices,Sales,786550.177749992
2019-04,Electronic & Electric Devices,Sales,865057.67151999
2019-05,Electronic & Electric Devices,Sales,992138.354
2019-06,Electronic & Electric Devices,Sales,832193.855949992
2019-07,Electronic & Electric Devices,Sales,1039371.32824999
2019-08,Electronic & Electric Devices,Sales,868761.549609993
2019-09,Electronic & Electric Devices,Sales,1032223.74872999
2019-10,Electronic & Electric Devices,Sales,1133987.44422999
2019-11,Electronic & Electric Devices,Sales,1265138.61554999
2019-12,Electronic & Electric Devices,Sales,1068115.20967999
2020-01,Electronic & Electric Devices,Sales,1003950.27548999
2020-02,Electronic & Electric Devices,Sales,1049466.94649999
2020-03,Electronic & Electric Devices,Sales,1088074.60499999
2020-04,Electronic & Electric Devices,Sales,596740.867139996
2020-05,Electronic & Electric Devices,Sales,1032395.89231999
2020-06,Electronic & Electric Devices,Sales,2268705.96455
2020-07,Electronic & Electric Devices,Sales,1059495.09989998
2020-08,Electronic & Electric Devices,Sales,1163198.59449999
2020-09,Electronic & Electric Devices,Sales,1337175.478
2020-10,Electronic & Electric Devices,Sales,1288039.381
2020-11,Electronic & Electric Devices,Sales,1498924.37527998
2020-12,Electronic & Electric Devices,Sales,1324599.28
2021-01,Electronic & Electric Devices,Sales,1246099.79209998
2021-02,Electronic & Electric Devices,Sales,1173039.84570999
2021-03,Electronic & Electric Devices,Sales,1475326.34530998
2021-04,Electronic & Electric Devices,Sales,1258895.559
2021-05,Electronic & Electric Devices,Sales,1114537.61287999
2021-06,Electronic & Electric Devices,Sales,1202314.25803998
2021-07,Electronic & Electric Devices,Sales,1091501.44302999
2021-08,Electronic & Electric Devices,Sales,1229508.38119998
2021-09,Electronic & Electric Devices,Sales,1220401.381
2021-10,Electronic & Electric Devices,Sales,1223917.99739999
2021-11,Electronic & Electric Devices,Sales,1267264.42359998
2021-12,Electronic & Electric Devices,Sales,1197499.89576998
2022-01,Electronic & Electric Devices,Sales,1103201.37169998
2022-02,Electronic & Electric Devices,Sales,1012951.03703999
2022-03,Electronic & Electric Devices,Sales,1327068.011
2022-04,Electronic & Electric Devices,Sales,1074110.26767998
2022-05,Electronic & Electric Devices,Sales,1092579.13667998
2022-06,Electronic & Electric Devices,Sales,1301140.48238998
2022-07,Electronic & Electric Devices,Sales,1017288.18043999
2022-08,Electronic & Electric Devices,Sales,1125608.78591999
2022-09,Electronic & Electric Devices,Sales,1191566.58602999
2022-10,Electronic & Electric Devices,Sales,1081225.59071999
2022-11,Electronic & Electric Devices,Sales,1109095.00940998
2022-12,Electronic & Electric Devices,Sales,1064911.61602998
2023-01,Electronic & Electric Devices,Sales,985380.159489982
2023-02,Electronic & Electric Devices,Sales,1015703.26881999
2023-03,Electronic & Electric Devices,Sales,1175767.63109999
2023-04,Electronic & Electric Devices,Sales,861677.09602999
2023-05,Electronic & Electric Devices,Sales,1112900.33551998
2023-06,Electronic & Electric Devices,Sales,1179631.57220999
2023-07,Electronic & Electric Devices,Sales,992263.360619986
2023-08,Electronic & Electric Devices,Sales,1029757.44314999
2023-09,Electronic & Electric Devices,Sales,1093733.85478
2023-10,Electronic & Electric Devices,Sales,977549.483459991
2023-11,Electronic & Electric Devices,Sales,985778.436859993
2023-12,Electronic & Electric Devices,Sales,1020842.42086
2019-01,Furniture,Number of Transactions,1235.206
2019-02,Furniture,Number of Transactions,1116.431
2019-03,Furniture,Number of Transactions,1415.216
2019-04,Furniture,Number of Transactions,1549.739
2019-05,Furniture,Number of Transactions,1671.032
2019-06,Furniture,Number of Transactions,1220.943
2019-07,Furniture,Number of Transactions,1530.457
2019-08,Furniture,Number of Transactions,1527.336
2019-09,Furniture,Number of Transactions,1617.287
2019-10,Furniture,Number of Transactions,1677.212
2019-11,Furniture,Number of Transactions,1808.02
2019-12,Furniture,Number of Transactions,2034.676
2020-01,Furniture,Number of Transactions,1970.447
2020-02,Furniture,Number of Transactions,1772.013
2020-03,Furniture,Number of Transactions,1453.336
2020-04,Furniture,Number of Transactions,784.243
2020-05,Furniture,Number of Transactions,1794.772
2020-06,Furniture,Number of Transactions,2856.206
2020-07,Furniture,Number of Transactions,2993.056
2020-08,Furniture,Number of Transactions,2560.68
2020-09,Furniture,Number of Transactions,2951.839
2020-10,Furniture,Number of Transactions,3080.8
2020-11,Furniture,Number of Transactions,3190.595
2020-12,Furniture,Number of Transactions,3759.554
2021-01,Furniture,Number of Transactions,3500.601
2021-02,Furniture,Number of Transactions,2897.417
2021-03,Furniture,Number of Transactions,4203.287
2021-04,Furniture,Number of Transactions,4102.15
2021-05,Furniture,Number of Transactions,3826.341
2021-06,Furniture,Number of Transactions,3479.252
2021-07,Furniture,Number of Transactions,3705.822
2021-08,Furniture,Number of Transactions,3713.241
2021-09,Furniture,Number of Transactions,3811.191
2021-10,Furniture,Number of Transactions,3804.737
2021-11,Furniture,Number of Transactions,4016.142
2021-12,Furniture,Number of Transactions,4379.501
2022-01,Furniture,Number of Transactions,4333.571
2022-02,Furniture,Number of Transactions,3717.019
2022-03,Furniture,Number of Transactions,5209.966
2022-04,Furniture,Number of Transactions,5269.124
2022-05,Furniture,Number of Transactions,3517.832
2022-06,Furniture,Number of Transactions,3927.893
2022-07,Furniture,Number of Transactions,4256.376
2022-08,Furniture,Number of Transactions,4456.118
2022-09,Furniture,Number of Transactions,4320.341
2022-10,Furniture,Number of Transactions,4175.317
2022-11,Furniture,Number of Transactions,4427.983
2022-12,Furniture,Number of Transactions,4829.385
2023-01,Furniture,Number of Transactions,4472.763
2023-02,Furniture,Number of Transactions,4298.514
2023-03,Furniture,Number of Transactions,5826.792
2023-04,Furniture,Number of Transactions,5260.175
2023-05,Furniture,Number of Transactions,4426.72
2023-06,Furniture,Number of Transactions,4922.987
2023-07,Furniture,Number of Transactions,4388.391
2023-08,Furniture,Number of Transactions,4763.564
2023-09,Furniture,Number of Transactions,4797.162
2023-10,Furniture,Number of Transactions,4861.941
2023-11,Furniture,Number of Transactions,5088.477
2023-12,Furniture,Number of Transactions,5517.111
2019-01,Furniture,Sales,802069.936089992
2019-02,Furniture,Sales,736377.748429992
2019-03,Furniture,Sales,967104.968079988
2019-04,Furniture,Sales,1061816.08602998
2019-05,Furniture,Sales,1080166.321
2019-06,Furniture,Sales,720435.188919995
2019-07,Furniture,Sales,976377.06140999
2019-08,Furniture,Sales,829737.26019999
2019-09,Furniture,Sales,996060.915459995
2019-10,Furniture,Sales,948695.163599985
2019-11,Furniture,Sales,1054961.40603999
2019-12,Furniture,Sales,1193816.15495998
2020-01,Furniture,Sales,1004331.71167999
2020-02,Furniture,Sales,948118.331369983
2020-03,Furniture,Sales,808251.756119989
2020-04,Furniture,Sales,318437.708619999
2020-05,Furniture,Sales,842235.95958999
2020-06,Furniture,Sales,2192985.3708
2020-07,Furniture,Sales,1210277.63712998
2020-08,Furniture,Sales,1115366.42733998
2020-09,Furniture,Sales,1407799.774
2020-10,Furniture,Sales,1328186.167
2020-11,Furniture,Sales,1488631.18793997
2020-12,Furniture,Sales,1694837.779
2021-01,Furniture,Sales,1411945.70947997
2021-02,Furniture,Sales,1266835.98686998
2021-03,Furniture,Sales,1790787.58504996
2021-04,Furniture,Sales,1630138.114
2021-05,Furniture,Sales,1319863.82497997
2021-06,Furniture,Sales,1360692.21873997
2021-07,Furniture,Sales,1267558.87079998
2021-08,Furniture,Sales,1263704.76621997
2021-09,Furniture,Sales,1540192.455
2021-10,Furniture,Sales,1308427.35218998
2021-11,Furniture,Sales,1469145.44301997
2021-12,Furniture,Sales,1645619.84616997
2022-01,Furniture,Sales,1390780.16345996
2022-02,Furniture,Sales,1306640.32089997
2022-03,Furniture,Sales,1783045.558
2022-04,Furniture,Sales,1608733.93666996
2022-05,Furniture,Sales,1052305.35305998
2022-06,Furniture,Sales,1281056.09375996
2022-07,Furniture,Sales,1237341.69743997
2022-08,Furniture,Sales,1311476.79794997
2022-09,Furniture,Sales,1513597.45886997
2022-10,Furniture,Sales,1286403.74181997
2022-11,Furniture,Sales,1350108.54922996
2022-12,Furniture,Sales,1487913.31354995
2023-01,Furniture,Sales,1260568.59760996
2023-02,Furniture,Sales,1311127.66164997
2023-03,Furniture,Sales,1649991.62671994
2023-04,Furniture,Sales,1274820.89201996
2023-05,Furniture,Sales,1173781.63648997
2023-06,Furniture,Sales,1225154.93425997
2023-07,Furniture,Sales,1157007.05018997
2023-08,Furniture,Sales,1197723.49314996
2023-09,Furniture,Sales,1403051.55930996
2023-10,Furniture,Sales,1202564.91709996
2023-11,Furniture,Sales,1284091.93006996
2023-12,Furniture,Sales,1468037.07184996
2019-01,Construction & Building Materials,Number of Transactions,1023.415
2019-02,Construction & Building Materials,Number of Transactions,964.714
2019-03,Construction & Building Materials,Number of Transactions,1180.556
2019-04,Construction & Building Materials,Number of Transactions,1235.156
2019-05,Construction & Building Materials,Number of Transactions,1194.623
2019-06,Construction & Building Materials,Number of Transactions,1021.584
2019-07,Construction & Building Materials,Number of Transactions,1311.552
2019-08,Construction & Building Materials,Number of Transactions,1186.247
2019-09,Construction & Building Materials,Number of Transactions,1328.251
2019-10,Construction & Building Materials,Number of Transactions,1535.411
2019-11,Construction & Building Materials,Number of Transactions,1632.749
2019-12,Construction & Building Materials,Number of Transactions,1773.197
2020-01,Construction & Building Materials,Number of Transactions,1743.096
2020-02,Construction & Building Materials,Number of Transactions,1731.492
2020-03,Construction & Building Materials,Number of Transactions,1947.396
2020-04,Construction & Building Materials,Number of Transactions,1480.169
2020-05,Construction & Building Materials,Number of Transactions,1736.309
2020-06,Construction & Building Materials,Number of Transactions,3097.491
2020-07,Construction & Building Materials,Number of Transactions,2898.067
2020-08,Construction & Building Materials,Number of Transactions,2676.984
2020-09,Construction & Building Materials,Number of Transactions,2895.685
2020-10,Construction & Building Materials,Number of Transactions,3152.096
2020-11,Construction & Building Materials,Number of Transactions,3265.097
2020-12,Construction & Building Materials,Number of Transactions,3542.064
2021-01,Construction & Building Materials,Number of Transactions,3393.557
2021-02,Construction & Building Materials,Number of Transactions,3138.517
2021-03,Construction & Building Materials,Number of Transactions,3953.996
2021-04,Construction & Building Materials,Number of Transactions,3664.59
2021-05,Construction & Building Materials,Number of Transactions,3396.001
2021-06,Construction & Building Materials,Number of Transactions,3658.67
2021-07,Construction & Building Materials,Number of Transactions,3572.231
2021-08,Construction & Building Materials,Number of Transactions,3825.614
2021-09,Construction & Building Materials,Number of Transactions,3864.347
2021-10,Construction & Building Materials,Number of Transactions,4300.154
2021-11,Construction & Building Materials,Number of Transactions,4427.216
2021-12,Construction & Building Materials,Number of Transactions,4618.609
2022-01,Construction & Building Materials,Number of Transactions,4682.557
2022-02,Construction & Building Materials,Number of Transactions,4091.122
2022-03,Construction & Building Materials,Number of Transactions,5086.948
2022-04,Construction & Building Materials,Number of Transactions,4397.886
2022-05,Construction & Building Materials,Number of Transactions,4064.833
2022-06,Construction & Building Materials,Number of Transactions,4622.794
2022-07,Construction & Building Materials,Number of Transactions,4494.191
2022-08,Construction & Building Materials,Number of Transactions,4908.51
2022-09,Construction & Building Materials,Number of Transactions,4607.281
2022-10,Construction & Building Materials,Number of Transactions,5026.083
2022-11,Construction & Building Materials,Number of Transactions,5076.868
2022-12,Construction & Building Materials,Number of Transactions,5279.731
2023-01,Construction & Building Materials,Number of Transactions,5381.946
2023-02,Construction & Building Materials,Number of Transactions,5098.515
2023-03,Construction & Building Materials,Number of Transactions,6167.675
2023-04,Construction & Building Materials,Number of Transactions,5071.832
2023-05,Construction & Building Materials,Number of Transactions,5652.074
2023-06,Construction & Building Materials,Number of Transactions,5611.55
2023-07,Construction & Building Materials,Number of Transactions,5819.484
2023-08,Construction & Building Materials,Number of Transactions,6008.562
2023-09,Construction & Building Materials,Number of Transactions,5809.946
2023-10,Construction & Building Materials,Number of Transactions,6384.501
2023-11,Construction & Building Materials,Number of Transactions,6504.434
2023-12,Construction & Building Materials,Number of Transactions,6683.092
2019-01,Construction & Building Materials,Sales,1016552.24944999
2019-02,Construction & Building Materials,Sales,971787.719509986
2019-03,Construction & Building Materials,Sales,1166672.00337999
2019-04,Construction & Building Materials,Sales,1202743.62949999
2019-05,Construction & Building Materials,Sales,914062.8424
2019-06,Construction & Building Materials,Sales,872064.183999988
2019-07,Construction & Building Materials,Sales,1157338.26128998
2019-08,Construction & Building Materials,Sales,905328.970419986
2019-09,Construction & Building Materials,Sales,1097270.17513998
2019-10,Construction & Building Materials,Sales,1209676.60039998
2019-11,Construction & Building Materials,Sales,1224933.21364998
2019-12,Construction & Building Materials,Sales,1410387.21224999
2020-01,Construction & Building Materials,Sales,1330863.53158998
2020-02,Construction & Building Materials,Sales,1373983.97129998
2020-03,Construction & Building Materials,Sales,1529520.23300999
2020-04,Construction & Building Materials,Sales,739832.263769993
2020-05,Construction & Building Materials,Sales,930209.169589987
2020-06,Construction & Building Materials,Sales,3029934.51038
2020-07,Construction & Building Materials,Sales,1304793.25024998
2020-08,Construction & Building Materials,Sales,1352273.263
2020-09,Construction & Building Materials,Sales,1495657.882
2020-10,Construction & Building Materials,Sales,1571106.116
2020-11,Construction & Building Materials,Sales,1642005.85541997
2020-12,Construction & Building Materials,Sales,1815442.606
2021-01,Construction & Building Materials,Sales,1687722.44299997
2021-02,Construction & Building Materials,Sales,1606927.17412996
2021-03,Construction & Building Materials,Sales,1964356.55818995
2021-04,Construction & Building Materials,Sales,1483101.344
2021-05,Construction & Building Materials,Sales,1338381.88612997
2021-06,Construction & Building Materials,Sales,1623235.13297997
2021-07,Construction & Building Materials,Sales,1325546.47601997
2021-08,Construction & Building Materials,Sales,1488725.63720996
2021-09,Construction & Building Materials,Sales,1520935.1
2021-10,Construction & Building Materials,Sales,1592062.21332995
2021-11,Construction & Building Materials,Sales,1666791.76858996
2021-12,Construction & Building Materials,Sales,1722663.50018995
2022-01,Construction & Building Materials,Sales,1684829.31589996
2022-02,Construction & Building Materials,Sales,1505566.85902995
2022-03,Construction & Building Materials,Sales,1924174.237
2022-04,Construction & Building Materials,Sales,1308761.93922996
2022-05,Construction & Building Materials,Sales,1398566.37094996
2022-06,Construction & Building Materials,Sales,1661299.44969996
2022-07,Construction & Building Materials,Sales,1385170.72993997
2022-08,Construction & Building Materials,Sales,1604048.93117995
2022-09,Construction & Building Materials,Sales,1575123.63019996
2022-10,Construction & Building Materials,Sales,1648244.77020995
2022-11,Construction & Building Materials,Sales,1559717.06555995
2022-12,Construction & Building Materials,Sales,1610663.89616994
2023-01,Construction & Building Materials,Sales,1510854.94536996
2023-02,Construction & Building Materials,Sales,1500612.26976996
2023-03,Construction & Building Materials,Sales,1591439.71366994
2023-04,Construction & Building Materials,Sales,1101547.45141997
2023-05,Construction & Building Materials,Sales,1489350.09041995
2023-06,Construction & Building Materials,Sales,1337391.65213996
2023-07,Construction & Building Materials,Sales,1443612.12720996
2023-08,Construction & Building Materials,Sales,1457004.42082996
2023-09,Construction & Building Materials,Sales,1466060.70278995
2023-10,Construction & Building Materials,Sales,1537691.25690995
2023-11,Construction & Building Materials,Sales,1515235.72160997
2023-12,Construction & Building Materials,Sales,1617534.43482995
2019-01,Jewelry,Number of Transactions,624.753
2019-02,Jewelry,Number of Transactions,574.471
2019-03,Jewelry,Number of Transactions,798.28
2019-04,Jewelry,Number of Transactions,800.835
2019-05,Jewelry,Number of Transactions,1236.534
2019-06,Jewelry,Number of Transactions,910.031
2019-07,Jewelry,Number of Transactions,726.464
2019-08,Jewelry,Number of Transactions,767.98
2019-09,Jewelry,Number of Transactions,576.731
2019-10,Jewelry,Number of Transactions,624.591
2019-11,Jewelry,Number of Transactions,647.34
2019-12,Jewelry,Number of Transactions,774.969
2020-01,Jewelry,Number of Transactions,763.203
2020-02,Jewelry,Number of Transactions,685.302
2020-03,Jewelry,Number of Transactions,423.218
2020-04,Jewelry,Number of Transactions,152.204
2020-05,Jewelry,Number of Transactions,707.83
2020-06,Jewelry,Number of Transactions,1051.612
2020-07,Jewelry,Number of Transactions,852.256
2020-08,Jewelry,Number of Transactions,614.95
2020-09,Jewelry,Number of Transactions,711.589
2020-10,Jewelry,Number of Transactions,732.776
2020-11,Jewelry,Number of Transactions,740.062
2020-12,Jewelry,Number of Transactions,880.54
2021-01,Jewelry,Number of Transactions,842.849
2021-02,Jewelry,Number of Transactions,712.407
2021-03,Jewelry,Number of Transactions,1003.382
2021-04,Jewelry,Number of Transactions,995.636
2021-05,Jewelry,Number of Transactions,1422.425
2021-06,Jewelry,Number of Transactions,896.109
2021-07,Jewelry,Number of Transactions,964.218
2021-08,Jewelry,Number of Transactions,837.97
2021-09,Jewelry,Number of Transactions,843.891
2021-10,Jewelry,Number of Transactions,875.519
2021-11,Jewelry,Number of Transactions,833.494
2021-12,Jewelry,Number of Transactions,858.178
2022-01,Jewelry,Number of Transactions,824.307
2022-02,Jewelry,Number of Transactions,761.939
2022-03,Jewelry,Number of Transactions,913.006
2022-04,Jewelry,Number of Transactions,1523.687
2022-05,Jewelry,Number of Transactions,875.358
2022-06,Jewelry,Number of Transactions,980.463
2022-07,Jewelry,Number of Transactions,1160.726
2022-08,Jewelry,Number of Transactions,894.153
2022-09,Jewelry,Number of Transactions,979.158
2022-10,Jewelry,Number of Transactions,960.512
2022-11,Jewelry,Number of Transactions,921.107
2022-12,Jewelry,Number of Transactions,947.837
2023-01,Jewelry,Number of Transactions,882.135
2023-02,Jewelry,Number of Transactions,928.359
2023-03,Jewelry,Number of Transactions,1094.112
2023-04,Jewelry,Number of Transactions,1578.605
2023-05,Jewelry,Number of Transactions,936.566
2023-06,Jewelry,Number of Transactions,1253.899
2023-07,Jewelry,Number of Transactions,991.422
2023-08,Jewelry,Number of Transactions,920.817
2023-09,Jewelry,Number of Transactions,923.112
2023-10,Jewelry,Number of Transactions,927.079
2023-11,Jewelry,Number of Transactions,875.879
2023-12,Jewelry,Number of Transactions,903.119
2019-01,Jewelry,Sales,885794.064259982
2019-02,Jewelry,Sales,853893.244159985
2019-03,Jewelry,Sales,1189577.64257998
2019-04,Jewelry,Sales,1130409.95388998
2019-05,Jewelry,Sales,1733235.107
2019-06,Jewelry,Sales,1181050.49189998
2019-07,Jewelry,Sales,882539.483809986
2019-08,Jewelry,Sales,864090.620339986
2019-09,Jewelry,Sales,716881.025749991
2019-10,Jewelry,Sales,803757.819539989
2019-11,Jewelry,Sales,852607.61599999
2019-12,Jewelry,Sales,1026820.44441999
2020-01,Jewelry,Sales,961003.676079989
2020-02,Jewelry,Sales,900917.972509989
2020-03,Jewelry,Sales,508739.491689998
2020-04,Jewelry,Sales,100490.23102
2020-05,Jewelry,Sales,965424.509359988
2020-06,Jewelry,Sales,2126401.03951
2020-07,Jewelry,Sales,917725.460449984
2020-08,Jewelry,Sales,692711.4273
2020-09,Jewelry,Sales,796903.732
2020-10,Jewelry,Sales,870998.542
2020-11,Jewelry,Sales,915165.044039987
2020-12,Jewelry,Sales,1086820.486
2021-01,Jewelry,Sales,1075270.78513998
2021-02,Jewelry,Sales,1007453.60525999
2021-03,Jewelry,Sales,1362108.82308998
2021-04,Jewelry,Sales,1255788.706
2021-05,Jewelry,Sales,1649589.18153998
2021-06,Jewelry,Sales,1057748.09234999
2021-07,Jewelry,Sales,1028379.81356999
2021-08,Jewelry,Sales,896099.531739988
2021-09,Jewelry,Sales,848013.287
2021-10,Jewelry,Sales,883137.662179988
2021-11,Jewelry,Sales,891005.079839984
2021-12,Jewelry,Sales,964081.547499987
2022-01,Jewelry,Sales,895886.302769986
2022-02,Jewelry,Sales,825402.905389989
2022-03,Jewelry,Sales,960807.242
2022-04,Jewelry,Sales,1607308.16537998
2022-05,Jewelry,Sales,996019.417319988
2022-06,Jewelry,Sales,1033480.89229999
2022-07,Jewelry,Sales,1289310.66835998
2022-08,Jewelry,Sales,827608.19430999
2022-09,Jewelry,Sales,1044564.40304999
2022-10,Jewelry,Sales,1014819.09626999
2022-11,Jewelry,Sales,842640.095699989
2022-12,Jewelry,Sales,893823.655739983
2023-01,Jewelry,Sales,751833.253949987
2023-02,Jewelry,Sales,887819.988289988
2023-03,Jewelry,Sales,1015971.64773998
2023-04,Jewelry,Sales,1531960.98684998
2023-05,Jewelry,Sales,943019.763489986
2023-06,Jewelry,Sales,1141064.22052998
2023-07,Jewelry,Sales,922320.438019991
2023-08,Jewelry,Sales,854306.892939988
2023-09,Jewelry,Sales,866063.277609989
2023-10,Jewelry,Sales,1029670.26348998
2023-11,Jewelry,Sales,834576.310489991
2023-12,Jewelry,Sales,890466.876929989
2019-01,Telecommunication,Number of Transactions,480.769
2019-02,Telecommunication,Number of Transactions,429.429
2019-03,Telecommunication,Number of Transactions,516.013
2019-04,Telecommunication,Number of Transactions,464.39
2019-05,Telecommunication,Number of Transactions,556.651
2019-06,Telecommunication,Number of Transactions,452.041
2019-07,Telecommunication,Number of Transactions,551.051
2019-08,Telecommunication,Number of Transactions,516.372
2019-09,Telecommunication,Number of Transactions,548.31
2019-10,Telecommunication,Number of Transactions,624.567
2019-11,Telecommunication,Number of Transactions,539.437
2019-12,Telecommunication,Number of Transactions,589.2
2020-01,Telecommunication,Number of Transactions,575.153
2020-02,Telecommunication,Number of Transactions,546.038
2020-03,Telecommunication,Number of Transactions,543.372
2020-04,Telecommunication,Number of Transactions,386.172
2020-05,Telecommunication,Number of Transactions,696.724
2020-06,Telecommunication,Number of Transactions,987.408
2020-07,Telecommunication,Number of Transactions,1011.296
2020-08,Telecommunication,Number of Transactions,971.367
2020-09,Telecommunication,Number of Transactions,1175.774
2020-10,Telecommunication,Number of Transactions,1079.274
2020-11,Telecommunication,Number of Transactions,1152.938
2020-12,Telecommunication,Number of Transactions,1331.267
2021-01,Telecommunication,Number of Transactions,1333.799
2021-02,Telecommunication,Number of Transactions,1211.233
2021-03,Telecommunication,Number of Transactions,1568.491
2021-04,Telecommunication,Number of Transactions,1595.875
2021-05,Telecommunication,Number of Transactions,1588.825
2021-06,Telecommunication,Number of Transactions,1522.689
2021-07,Telecommunication,Number of Transactions,1578.533
2021-08,Telecommunication,Number of Transactions,1815.479
2021-09,Telecommunication,Number of Transactions,1788.749
2021-10,Telecommunication,Number of Transactions,1785.239
2021-11,Telecommunication,Number of Transactions,1769.638
2021-12,Telecommunication,Number of Transactions,1924.828
2022-01,Telecommunication,Number of Transactions,1872.079
2022-02,Telecommunication,Number of Transactions,1628.895
2022-03,Telecommunication,Number of Transactions,1962.217
2022-04,Telecommunication,Number of Transactions,2058.185
2022-05,Telecommunication,Number of Transactions,1615.085
2022-06,Telecommunication,Number of Transactions,1889.719
2022-07,Telecommunication,Number of Transactions,1850.526
2022-08,Telecommunication,Number of Transactions,1978.527
2022-09,Telecommunication,Number of Transactions,1943.119
2022-10,Telecommunication,Number of Transactions,1963.959
2022-11,Telecommunication,Number of Transactions,1898.963
2022-12,Telecommunication,Number of Transactions,2027.826
2023-01,Telecommunication,Number of Transactions,2083.124
2023-02,Telecommunication,Number of Transactions,1961.903
2023-03,Telecommunication,Number of Transactions,2351.02
2023-04,Telecommunication,Number of Transactions,2364.606
2023-05,Telecommunication,Number of Transactions,2574.503
2023-06,Telecommunication,Number of Transactions,2723.955
2023-07,Telecommunication,Number of Transactions,2767.636
2023-08,Telecommunication,Number of Transactions,3227.019
2023-09,Telecommunication,Number of Transactions,3483.001
2023-10,Telecommunication,Number of Transactions,4033.975
2023-11,Telecommunication,Number of Transactions,3375.345
2023-12,Telecommunication,Number of Transactions,3470.939
2019-01,Telecommunication,Sales,157581.52719
2019-02,Telecommunication,Sales,129559.50422
2019-03,Telecommunication,Sales,159813.41383
2019-04,Telecommunication,Sales,154405.30497
2019-05,Telecommunication,Sales,192872.9794
2019-06,Telecommunication,Sales,139261.66786
2019-07,Telecommunication,Sales,154727.29443
2019-08,Telecommunication,Sales,138939.71853
2019-09,Telecommunication,Sales,146983.748690001
2019-10,Telecommunication,Sales,195767.87939
2019-11,Telecommunication,Sales,155886.829830001
2019-12,Telecommunication,Sales,171597.31806
2020-01,Telecommunication,Sales,159906.67857
2020-02,Telecommunication,Sales,138739.19018
2020-03,Telecommunication,Sales,153644.990660001
2020-04,Telecommunication,Sales,127181.60674
2020-05,Telecommunication,Sales,251311.104639999
2020-06,Telecommunication,Sales,349905.72794
2020-07,Telecommunication,Sales,239712.138339998
2020-08,Telecommunication,Sales,236409.2945
2020-09,Telecommunication,Sales,286317.333
2020-10,Telecommunication,Sales,259868.073
2020-11,Telecommunication,Sales,303830.441369999
2020-12,Telecommunication,Sales,344736.24
2021-01,Telecommunication,Sales,328154.75831
2021-02,Telecommunication,Sales,281367.96483
2021-03,Telecommunication,Sales,430542.415930001
2021-04,Telecommunication,Sales,479791.347
2021-05,Telecommunication,Sales,469860.27031999
2021-06,Telecommunication,Sales,423334.314809999
2021-07,Telecommunication,Sales,422935.63316
2021-08,Telecommunication,Sales,451407.68504
2021-09,Telecommunication,Sales,418227.517
2021-10,Telecommunication,Sales,432364.789899999
2021-11,Telecommunication,Sales,424789.945149998
2021-12,Telecommunication,Sales,439899.461599995
2022-01,Telecommunication,Sales,421293.596259996
2022-02,Telecommunication,Sales,355352.213699998
2022-03,Telecommunication,Sales,457102.428
2022-04,Telecommunication,Sales,500314.505779997
2022-05,Telecommunication,Sales,350227.541589997
2022-06,Telecommunication,Sales,434546.661869995
2022-07,Telecommunication,Sales,390239.531359997
2022-08,Telecommunication,Sales,410617.297389997
2022-09,Telecommunication,Sales,408994.272469997
2022-10,Telecommunication,Sales,461039.593009996
2022-11,Telecommunication,Sales,413214.498259998
2022-12,Telecommunication,Sales,414714.192829995
2023-01,Telecommunication,Sales,432658.57186
2023-02,Telecommunication,Sales,364665.801439999
2023-03,Telecommunication,Sales,443208.346359998
2023-04,Telecommunication,Sales,434314.746209996
2023-05,Telecommunication,Sales,414956.585949995
2023-06,Telecommunication,Sales,433430.405679996
2023-07,Telecommunication,Sales,386286.972849993
2023-08,Telecommunication,Sales,431523.402319994
2023-09,Telecommunication,Sales,397680.136699993
2023-10,Telecommunication,Sales,453029.486289991
2023-11,Telecommunication,Sales,463122.01282999
2023-12,Telecommunication,Sales,452242.044419992
2019-01,Education,Number of Transactions,260.883
2019-02,Education,Number of Transactions,170.575
2019-03,Education,Number of Transactions,208.404
2019-04,Education,Number of Transactions,210.882
2019-05,Education,Number of Transactions,126.153
2019-06,Education,Number of Transactions,110.241
2019-07,Education,Number of Transactions,138.335
2019-08,Education,Number of Transactions,291.7
2019-09,Education,Number of Transactions,402.757
2019-10,Education,Number of Transactions,255.97
2019-11,Education,Number of Transactions,234.011
2019-12,Education,Number of Transactions,259.84
2020-01,Education,Number of Transactions,313.077
2020-02,Education,Number of Transactions,267.613
2020-03,Education,Number of Transactions,142.578
2020-04,Education,Number of Transactions,35.74
2020-05,Education,Number of Transactions,56.665
2020-06,Education,Number of Transactions,126.504
2020-07,Education,Number of Transactions,128.824
2020-08,Education,Number of Transactions,323.794
2020-09,Education,Number of Transactions,264.327
2020-10,Education,Number of Transactions,190.583
2020-11,Education,Number of Transactions,191.754
2020-12,Education,Number of Transactions,222.382
2021-01,Education,Number of Transactions,293.559
2021-02,Education,Number of Transactions,202.434
2021-03,Education,Number of Transactions,235.638
2021-04,Education,Number of Transactions,200.039
2021-05,Education,Number of Transactions,171.512
2021-06,Education,Number of Transactions,217.334
2021-07,Education,Number of Transactions,172.442
2021-08,Education,Number of Transactions,458.142
2021-09,Education,Number of Transactions,500.056
2021-10,Education,Number of Transactions,434.616
2021-11,Education,Number of Transactions,426.405
2021-12,Education,Number of Transactions,441.775
2022-01,Education,Number of Transactions,433.25
2022-02,Education,Number of Transactions,431.242
2022-03,Education,Number of Transactions,566.823
2022-04,Education,Number of Transactions,232.179
2022-05,Education,Number of Transactions,368.22
2022-06,Education,Number of Transactions,427.452
2022-07,Education,Number of Transactions,253.24
2022-08,Education,Number of Transactions,659.368
2022-09,Education,Number of Transactions,723.408
2022-10,Education,Number of Transactions,605.911
2022-11,Education,Number of Transactions,471.487
2022-12,Education,Number of Transactions,586.228
2023-01,Education,Number of Transactions,528.978
2023-02,Education,Number of Transactions,499.005
2023-03,Education,Number of Transactions,538.71
2023-04,Education,Number of Transactions,276.624
2023-05,Education,Number of Transactions,593.008
2023-06,Education,Number of Transactions,416.451
2023-07,Education,Number of Transactions,355.938
2023-08,Education,Number of Transactions,817.515
2023-09,Education,Number of Transactions,629.604
2023-10,Education,Number of Transactions,657.233
2023-11,Education,Number of Transactions,573.454
2023-12,Education,Number of Transactions,584.974
2019-01,Education,Sales,1040591.10809
2019-02,Education,Sales,486098.323939998
2019-03,Education,Sales,593100.085009998
2019-04,Education,Sales,693245.273059997
2019-05,Education,Sales,338580.8786
2019-06,Education,Sales,158873.2729
2019-07,Education,Sales,250216.96181
2019-08,Education,Sales,1248276.30606
2019-09,Education,Sales,1451716.48190999
2019-10,Education,Sales,491252.675739997
2019-11,Education,Sales,418330.476259999
2019-12,Education,Sales,591583.264609999
2020-01,Education,Sales,1038907.53215
2020-02,Education,Sales,561335.493189997
2020-03,Education,Sales,302522.165659999
2020-04,Education,Sales,71887.94017
2020-05,Education,Sales,159295.85043
2020-06,Education,Sales,355009.14684
2020-07,Education,Sales,217904.98504
2020-08,Education,Sales,1312220.485
2020-09,Education,Sales,697612.46
2020-10,Education,Sales,288034.655
2020-11,Education,Sales,272593.93115
2020-12,Education,Sales,408173.564
2021-01,Education,Sales,916459.357419995
2021-02,Education,Sales,417978.472039999
2021-03,Education,Sales,410436.461749999
2021-04,Education,Sales,381375.086
2021-05,Education,Sales,272336.05563
2021-06,Education,Sales,239725.72136
2021-07,Education,Sales,174681.09168
2021-08,Education,Sales,1589381.99013999
2021-09,Education,Sales,728702.53
2021-10,Education,Sales,341752.253809999
2021-11,Education,Sales,363488.285929998
2021-12,Education,Sales,652083.952869995
2022-01,Education,Sales,657248.831659997
2022-02,Education,Sales,375636.223859998
2022-03,Education,Sales,688747.2
2022-04,Education,Sales,274274.71952
2022-05,Education,Sales,463901.905159998
2022-06,Education,Sales,724582.551679996
2022-07,Education,Sales,277116.53261
2022-08,Education,Sales,2150147.81032999
2022-09,Education,Sales,1004555.91184
2022-10,Education,Sales,483821.668189998
2022-11,Education,Sales,456250.178579998
2022-12,Education,Sales,901305.299289995
2023-01,Education,Sales,706987.868579996
2023-02,Education,Sales,513848.364759998
2023-03,Education,Sales,717254.635609997
2023-04,Education,Sales,327634.67262
2023-05,Education,Sales,715909.412709997
2023-06,Education,Sales,767840.392329998
2023-07,Education,Sales,423962.941449998
2023-08,Education,Sales,2766759.58020002
2023-09,Education,Sales,725936.684969995
2023-10,Education,Sales,552420.720099998
2023-11,Education,Sales,740802.884259998
2023-12,Education,Sales,710965.910230001
2019-01,Public Utilities,Number of Transactions,846.109
2019-02,Public Utilities,Number of Transactions,861.438
2019-03,Public Utilities,Number of Transactions,1071.022
2019-04,Public Utilities,Number of Transactions,1139.29
2019-05,Public Utilities,Number of Transactions,1219.179
2019-06,Public Utilities,Number of Transactions,1130.382
2019-07,Public Utilities,Number of Transactions,2071.721
2019-08,Public Utilities,Number of Transactions,1798.428
2019-09,Public Utilities,Number of Transactions,2077.06
2019-10,Public Utilities,Number of Transactions,2261.268
2019-11,Public Utilities,Number of Transactions,2135.968
2019-12,Public Utilities,Number of Transactions,2137.213
2020-01,Public Utilities,Number of Transactions,2070.889
2020-02,Public Utilities,Number of Transactions,2074.106
2020-03,Public Utilities,Number of Transactions,1655.622
2020-04,Public Utilities,Number of Transactions,969.376
2020-05,Public Utilities,Number of Transactions,1243.356
2020-06,Public Utilities,Number of Transactions,1924.59
2020-07,Public Utilities,Number of Transactions,2411.298
2020-08,Public Utilities,Number of Transactions,2539.979
2020-09,Public Utilities,Number of Transactions,2748.459
2020-10,Public Utilities,Number of Transactions,2543.8
2020-11,Public Utilities,Number of Transactions,2356.332
2020-12,Public Utilities,Number of Transactions,2526.808
2021-01,Public Utilities,Number of Transactions,2675.88
2021-02,Public Utilities,Number of Transactions,2632.933
2021-03,Public Utilities,Number of Transactions,3175.12
2021-04,Public Utilities,Number of Transactions,3188.593
2021-05,Public Utilities,Number of Transactions,3286.966
2021-06,Public Utilities,Number of Transactions,3657.443
2021-07,Public Utilities,Number of Transactions,3766.241
2021-08,Public Utilities,Number of Transactions,4019.038
2021-09,Public Utilities,Number of Transactions,3982.287
2021-10,Public Utilities,Number of Transactions,4126.108
2021-11,Public Utilities,Number of Transactions,3624.444
2021-12,Public Utilities,Number of Transactions,3520.354
2022-01,Public Utilities,Number of Transactions,3662.717
2022-02,Public Utilities,Number of Transactions,3376.338
2022-03,Public Utilities,Number of Transactions,4025.757
2022-04,Public Utilities,Number of Transactions,4029.851
2022-05,Public Utilities,Number of Transactions,4326.505
2022-06,Public Utilities,Number of Transactions,4781.675
2022-07,Public Utilities,Number of Transactions,4870.775
2022-08,Public Utilities,Number of Transactions,5446.575
2022-09,Public Utilities,Number of Transactions,5459.238
2022-10,Public Utilities,Number of Transactions,5011.426
2022-11,Public Utilities,Number of Transactions,4819.376
2022-12,Public Utilities,Number of Transactions,5074.515
2023-01,Public Utilities,Number of Transactions,5129.584
2023-02,Public Utilities,Number of Transactions,5349.553
2023-03,Public Utilities,Number of Transactions,6736.828
2023-04,Public Utilities,Number of Transactions,5792.342
2023-05,Public Utilities,Number of Transactions,6298.366
2023-06,Public Utilities,Number of Transactions,6209.342
2023-07,Public Utilities,Number of Transactions,6288.31
2023-08,Public Utilities,Number of Transactions,6697.588
2023-09,Public Utilities,Number of Transactions,6685.289
2023-10,Public Utilities,Number of Transactions,7491.791
2023-11,Public Utilities,Number of Transactions,7321.947
2023-12,Public Utilities,Number of Transactions,7505.143
2019-01,Public Utilities,Sales,247940.16429
2019-02,Public Utilities,Sales,217098.33177
2019-03,Public Utilities,Sales,254102.07516
2019-04,Public Utilities,Sales,276485.29378
2019-05,Public Utilities,Sales,281471.5487
2019-06,Public Utilities,Sales,223566.038109999
2019-07,Public Utilities,Sales,314884.808319997
2019-08,Public Utilities,Sales,266155.97253
2019-09,Public Utilities,Sales,302783.536769999
2019-10,Public Utilities,Sales,335497.149989999
2019-11,Public Utilities,Sales,309679.510859999
2019-12,Public Utilities,Sales,316192.791979999
2020-01,Public Utilities,Sales,295711.301669999
2020-02,Public Utilities,Sales,282305.301609999
2020-03,Public Utilities,Sales,248637.89218
2020-04,Public Utilities,Sales,153411.73505
2020-05,Public Utilities,Sales,217155.162459999
2020-06,Public Utilities,Sales,393433.81521
2020-07,Public Utilities,Sales,293915.746429999
2020-08,Public Utilities,Sales,296228.5989
2020-09,Public Utilities,Sales,336781.514
2020-10,Public Utilities,Sales,303819.76
2020-11,Public Utilities,Sales,287684.610409999
2020-12,Public Utilities,Sales,301411.973
2021-01,Public Utilities,Sales,301858.089269999
2021-02,Public Utilities,Sales,285368.5222
2021-03,Public Utilities,Sales,367813.158999999
2021-04,Public Utilities,Sales,335189.407
2021-05,Public Utilities,Sales,327435.693309998
2021-06,Public Utilities,Sales,364087.478059998
2021-07,Public Utilities,Sales,348391.605869999
2021-08,Public Utilities,Sales,382328.453029997
2021-09,Public Utilities,Sales,370192.97
2021-10,Public Utilities,Sales,361558.240299997
2021-11,Public Utilities,Sales,316968.476989999
2021-12,Public Utilities,Sales,313213.493969998
2022-01,Public Utilities,Sales,310766.203099997
2022-02,Public Utilities,Sales,284212.628249999
2022-03,Public Utilities,Sales,361581.386
2022-04,Public Utilities,Sales,331380.270329997
2022-05,Public Utilities,Sales,341167.472059996
2022-06,Public Utilities,Sales,389848.137869995
2022-07,Public Utilities,Sales,384690.657779995
2022-08,Public Utilities,Sales,428568.619729993
2022-09,Public Utilities,Sales,416978.673769996
2022-10,Public Utilities,Sales,389416.333809997
2022-11,Public Utilities,Sales,368287.208449996
2022-12,Public Utilities,Sales,391614.921399996
2023-01,Public Utilities,Sales,385394.840569995
2023-02,Public Utilities,Sales,402426.599639995
2023-03,Public Utilities,Sales,501481.955619991
2023-04,Public Utilities,Sales,410465.611819997
2023-05,Public Utilities,Sales,461216.294019992
2023-06,Public Utilities,Sales,452161.978579996
2023-07,Public Utilities,Sales,470274.748059994
2023-08,Public Utilities,Sales,499025.458519994
2023-09,Public Utilities,Sales,495365.377919994
2023-10,Public Utilities,Sales,530777.311399991
2023-11,Public Utilities,Sales,523812.731369993
2023-12,Public Utilities,Sales,534579.254779992
2019-01,Others,Number of Transactions,13033.703
2019-02,Others,Number of Transactions,11904.869
2019-03,Others,Number of Transactions,15082.267
2019-04,Others,Number of Transactions,15835.048
2019-05,Others,Number of Transactions,17886.564
2019-06,Others,Number of Transactions,10830.075
2019-07,Others,Number of Transactions,13634.697
2019-08,Others,Number of Transactions,17422.591
2019-09,Others,Number of Transactions,20107.293
2019-10,Others,Number of Transactions,23518.197
2019-11,Others,Number of Transactions,26200.192
2019-12,Others,Number of Transactions,29141.584
2020-01,Others,Number of Transactions,31601.725
2020-02,Others,Number of Transactions,31681.645
2020-03,Others,Number of Transactions,31166.914
2020-04,Others,Number of Transactions,22247.776
2020-05,Others,Number of Transactions,29344.891
2020-06,Others,Number of Transactions,40954.726
2020-07,Others,Number of Transactions,53416.968
2020-08,Others,Number of Transactions,54801.399
2020-09,Others,Number of Transactions,59796.154
2020-10,Others,Number of Transactions,64048.709
2020-11,Others,Number of Transactions,64287.398
2020-12,Others,Number of Transactions,68056.768
2021-01,Others,Number of Transactions,70271.855
2021-02,Others,Number of Transactions,64394.143
2021-03,Others,Number of Transactions,80821.779
2021-04,Others,Number of Transactions,79817.065
2021-05,Others,Number of Transactions,85530.341
2021-06,Others,Number of Transactions,87792.976
2021-07,Others,Number of Transactions,93682.933
2021-08,Others,Number of Transactions,97831.893
2021-09,Others,Number of Transactions,99498.06
2021-10,Others,Number of Transactions,103324.615
2021-11,Others,Number of Transactions,102635.981
2021-12,Others,Number of Transactions,109866.227
2022-01,Others,Number of Transactions,112124.978
2022-02,Others,Number of Transactions,104348.998
2022-03,Others,Number of Transactions,127353.478
2022-04,Others,Number of Transactions,121260.495
2022-05,Others,Number of Transactions,120858.294
2022-06,Others,Number of Transactions,127532.041
2022-07,Others,Number of Transactions,129809.054
2022-08,Others,Number of Transactions,136876.767
2022-09,Others,Number of Transactions,137561.816
2022-10,Others,Number of Transactions,140952.521
2022-11,Others,Number of Transactions,138376.944
2022-12,Others,Number of Transactions,148076.218
2023-01,Others,Number of Transactions,147697.224
2023-02,Others,Number of Transactions,137495.27
2023-03,Others,Number of Transactions,162265.81
2023-04,Others,Number of Transactions,150935.44
2023-05,Others,Number of Transactions,164312.396
2023-06,Others,Number of Transactions,168728.315
2023-07,Others,Number of Transactions,166464.058
2023-08,Others,Number of Transactions,178528.675
2023-09,Others,Number of Transactions,175207.761
2023-10,Others,Number of Transactions,175155.914
2023-11,Others,Number of Transactions,173802.287
2023-12,Others,Number of Transactions,179069.385
2019-01,Others,Sales,2168834.14460027
2019-02,Others,Sales,1913528.23765
2019-03,Others,Sales,2679986.4990502
2019-04,Others,Sales,2931348.57069
2019-05,Others,Sales,3420845.37787
2019-06,Others,Sales,2287362.95188809
2019-07,Others,Sales,2723152.89589071
2019-08,Others,Sales,2951204.29108258
2019-09,Others,Sales,3011663.41221379
2019-10,Others,Sales,3227660.17228261
2019-11,Others,Sales,3539143.92233243
2019-12,Others,Sales,3883218.99040105
2020-01,Others,Sales,4073723.74632621
2020-02,Others,Sales,3783850.81180091
2020-03,Others,Sales,3740085.91871481
2020-04,Others,Sales,2473858.00387346
2020-05,Others,Sales,3657739.54518193
2020-06,Others,Sales,5922368.08914
2020-07,Others,Sales,5456834.51179812
2020-08,Others,Sales,5240957.306
2020-09,Others,Sales,5790765.448
2020-10,Others,Sales,5997915.983
2020-11,Others,Sales,6078247.61989661
2020-12,Others,Sales,6552125.708
2021-01,Others,Sales,6378652.36444071
2021-02,Others,Sales,5722222.24320503
2021-03,Others,Sales,7764788.71432023
2021-04,Others,Sales,7677115.081
2021-05,Others,Sales,7668476.09215621
2021-06,Others,Sales,7501338.03074341
2021-07,Others,Sales,7780957.46350715
2021-08,Others,Sales,8025347.24427473
2021-09,Others,Sales,8132985.641
2021-10,Others,Sales,8310483.82594562
2021-11,Others,Sales,8384524.61272701
2021-12,Others,Sales,9017874.54840709
2022-01,Others,Sales,8963586.99486924
2022-02,Others,Sales,8078356.11387072
2022-03,Others,Sales,10769036.773
2022-04,Others,Sales,10457004.6849885
2022-05,Others,Sales,9011839.66037304
2022-06,Others,Sales,9772542.49014067
2022-07,Others,Sales,9851966.32323245
2022-08,Others,Sales,10409298.3201927
2022-09,Others,Sales,10258976.6525127
2022-10,Others,Sales,10353367.0868532
2022-11,Others,Sales,10137861.0836259
2022-12,Others,Sales,11029787.3730868
2023-01,Others,Sales,10650489.9168936
2023-02,Others,Sales,9939223.43438304
2023-03,Others,Sales,12499389.3875346
2023-04,Others,Sales,11300975.4184236
2023-05,Others,Sales,11258149.9307138
2023-06,Others,Sales,11789636.9076034
2023-07,Others,Sales,11394095.9904335
2023-08,Others,Sales,12187214.4977939
2023-09,Others,Sales,11546145.771384
2023-10,Others,Sales,11088754.8426837
2023-11,Others,Sales,11398832.1717348
2023-12,Others,Sales,11678191.994344
2019-01,E-Commerce (Mada),Sales (In Thousand Riyals),282076.265
2019-02,E-Commerce (Mada),Sales (In Thousand Riyals),295138.635
2019-03,E-Commerce (Mada),Sales (In Thousand Riyals),440011.364
2019-04,E-Commerce (Mada),Sales (In Thousand Riyals),495493.63598
2019-05,E-Commerce (Mada),Sales (In Thousand Riyals),624179.5831
2019-06,E-Commerce (Mada),Sales (In Thousand Riyals),610615.25135
2019-07,E-Commerce (Mada),Sales (In Thousand Riyals),881494.198
2019-08,E-Commerce (Mada),Sales (In Thousand Riyals),997319.18326
2019-09,E-Commerce (Mada),Sales (In Thousand Riyals),1169310.50321
2019-10,E-Commerce (Mada),Sales (In Thousand Riyals),1272626.47964
2019-11,E-Commerce (Mada),Sales (In Thousand Riyals),1482921.51619
2019-12,E-Commerce (Mada),Sales (In Thousand Riyals),1700783.178
2020-01,E-Commerce (Mada),Sales (In Thousand Riyals),1716816.63529
2020-02,E-Commerce (Mada),Sales (In Thousand Riyals),1625845.83015
2020-03,E-Commerce (Mada),Sales (In Thousand Riyals),1794767.88289
2020-04,E-Commerce (Mada),Sales (In Thousand Riyals),2995378.89586
2020-05,E-Commerce (Mada),Sales (In Thousand Riyals),3723878.45946
2020-06,E-Commerce (Mada),Sales (In Thousand Riyals),3733420.31488
2020-07,E-Commerce (Mada),Sales (In Thousand Riyals),3626355.81734
2020-08,E-Commerce (Mada),Sales (In Thousand Riyals),3328621.09789
2020-09,E-Commerce (Mada),Sales (In Thousand Riyals),3721733.12712
2020-10,E-Commerce (Mada),Sales (In Thousand Riyals),3848355.34534
2020-11,E-Commerce (Mada),Sales (In Thousand Riyals),4208789.02258
2020-12,E-Commerce (Mada),Sales (In Thousand Riyals),4498231.108
2021-01,E-Commerce (Mada),Sales (In Thousand Riyals),4378662.31881001
2021-02,E-Commerce (Mada),Sales (In Thousand Riyals),4173413.19006993
2021-03,E-Commerce (Mada),Sales (In Thousand Riyals),5308685.78674001
2021-04,E-Commerce (Mada),Sales (In Thousand Riyals),5555181.99654998
2021-05,E-Commerce (Mada),Sales (In Thousand Riyals),5742231.16369001
2021-06,E-Commerce (Mada),Sales (In Thousand Riyals),5887856.87202002
2021-07,E-Commerce (Mada),Sales (In Thousand Riyals),6328298.95200999
2021-08,E-Commerce (Mada),Sales (In Thousand Riyals),6870228.82666978
2021-09,E-Commerce (Mada),Sales (In Thousand Riyals),7024161.76418998
2021-10,E-Commerce (Mada),Sales (In Thousand Riyals),7171523.24883978
2021-11,E-Commerce (Mada),Sales (In Thousand Riyals),7724813.772
2021-12,E-Commerce (Mada),Sales (In Thousand Riyals),8159868.149
2022-01,E-Commerce (Mada),Sales (In Thousand Riyals),8228908.19897999
2022-02,E-Commerce (Mada),Sales (In Thousand Riyals),8020187.26981
2022-03,E-Commerce (Mada),Sales (In Thousand Riyals),9984816.0
2022-04,E-Commerce (Mada),Sales (In Thousand Riyals),10264007.96507
2022-05,E-Commerce (Mada),Sales (In Thousand Riyals),9119466.87663
2022-06,E-Commerce (Mada),Sales (In Thousand Riyals),10403572.75914
2022-07,E-Commerce (Mada),Sales (In Thousand Riyals),10227355.6572
2022-08,E-Commerce (Mada),Sales (In Thousand Riyals),11282520.438
2022-09,E-Commerce (Mada),Sales (In Thousand Riyals),11163552.93567
2022-10,E-Commerce (Mada),Sales (In Thousand Riyals),10897258.9874799
2022-11,E-Commerce (Mada),Sales (In Thousand Riyals),11222357.2916699
2022-12,E-Commerce (Mada),Sales (In Thousand Riyals),11859461.2967499
2023-01,E-Commerce (Mada),Sales (In Thousand Riyals),11710334.42088
2023-02,E-Commerce (Mada),Sales (In Thousand Riyals),11318985.46329
2023-03,E-Commerce (Mada),Sales (In Thousand Riyals),13502843.86575
2023-04,E-Commerce (Mada),Sales (In Thousand Riyals),12626220.04695
2023-05,E-Commerce (Mada),Sales (In Thousand Riyals),12706708.42978
2023-06,E-Commerce (Mada),Sales (In Thousand Riyals),13386388.59986
2023-07,E-Commerce (Mada),Sales (In Thousand Riyals),12899048.428
2023-08,E-Commerce (Mada),Sales (In Thousand Riyals),14378994.40214
2023-09,E-Commerce (Mada),Sales (In Thousand Riyals),13849693.09504
2023-10,E-Commerce (Mada),Sales (In Thousand Riyals),13415929.20263
2023-11,E-Commerce (Mada),Sales (In Thousand Riyals),13479240.2711499
2023-12,E-Commerce (Mada),Sales (In Thousand Riyals),13634005.6422199
2019-01,E-Commerce (Mada),Number of Transactions,1036951.0
2019-02,E-Commerce (Mada),Number of Transactions,1229939.0
2019-03,E-Commerce (Mada),Number of Transactions,1844709.0
2019-04,E-Commerce (Mada),Number of Transactions,2072183.0
2019-05,E-Commerce (Mada),Number of Transactions,2259611.0
2019-06,E-Commerce (Mada),Number of Transactions,2468661.0
2019-07,E-Commerce (Mada),Number of Transactions,3192245.0
2019-08,E-Commerce (Mada),Number of Transactions,3669201.0
2019-09,E-Commerce (Mada),Number of Transactions,4113448.0
2019-10,E-Commerce (Mada),Number of Transactions,4693460.0
2019-11,E-Commerce (Mada),Number of Transactions,5366943.0
2019-12,E-Commerce (Mada),Number of Transactions,6196785.0
2020-01,E-Commerce (Mada),Number of Transactions,6872865.0
2020-02,E-Commerce (Mada),Number of Transactions,6635305.0
2020-03,E-Commerce (Mada),Number of Transactions,7287150.0
2020-04,E-Commerce (Mada),Number of Transactions,12668434.0
2020-05,E-Commerce (Mada),Number of Transactions,18161276.0
2020-06,E-Commerce (Mada),Number of Transactions,17239315.0
2020-07,E-Commerce (Mada),Number of Transactions,15337361.0
2020-08,E-Commerce (Mada),Number of Transactions,14820169.0
2020-09,E-Commerce (Mada),Number of Transactions,16187429.0
2020-10,E-Commerce (Mada),Number of Transactions,16963723.0
2020-11,E-Commerce (Mada),Number of Transactions,17960198.0
2020-12,E-Commerce (Mada),Number of Transactions,20175762.0
2021-01,E-Commerce (Mada),Number of Transactions,19909057.0
2021-02,E-Commerce (Mada),Number of Transactions,20424520.0
2021-03,E-Commerce (Mada),Number of Transactions,25836458.0
2021-04,E-Commerce (Mada),Number of Transactions,25565302.0
2021-05,E-Commerce (Mada),Number of Transactions,27926205.0
2021-06,E-Commerce (Mada),Number of Transactions,26401740.0
2021-07,E-Commerce (Mada),Number of Transactions,29284827.0
2021-08,E-Commerce (Mada),Number of Transactions,29862223.0
2021-09,E-Commerce (Mada),Number of Transactions,31771943.0
2021-10,E-Commerce (Mada),Number of Transactions,33775529.0
2021-11,E-Commerce (Mada),Number of Transactions,37075459.0
2021-12,E-Commerce (Mada),Number of Transactions,39827417.0
2022-01,E-Commerce (Mada),Number of Transactions,40858081.0
2022-02,E-Commerce (Mada),Number of Transactions,38858112.0
2022-03,E-Commerce (Mada),Number of Transactions,47628344.0
2022-04,E-Commerce (Mada),Number of Transactions,51777337.0
2022-05,E-Commerce (Mada),Number of Transactions,45634404.0
2022-06,E-Commerce (Mada),Number of Transactions,48646236.0
2022-07,E-Commerce (Mada),Number of Transactions,50124592.0
2022-08,E-Commerce (Mada),Number of Transactions,51775436.0
2022-09,E-Commerce (Mada),Number of Transactions,54035289.0
2022-10,E-Commerce (Mada),Number of Transactions,56126081.0
2022-11,E-Commerce (Mada),Number of Transactions,60725709.0
2022-12,E-Commerce (Mada),Number of Transactions,64387871.0
2023-01,E-Commerce (Mada),Number of Transactions,62916449.0
2023-02,E-Commerce (Mada),Number of Transactions,58587841.0
2023-03,E-Commerce (Mada),Number of Transactions,71946933.0
2023-04,E-Commerce (Mada),Number of Transactions,73130911.0
2023-05,E-Commerce (Mada),Number of Transactions,70769674.0
2023-06,E-Commerce (Mada),Number of Transactions,74804285.0
2023-07,E-Commerce (Mada),Number of Transactions,70966420.0
2023-08,E-Commerce (Mada),Number of Transactions,76290290.0
2023-09,E-Commerce (Mada),Number of Transactions,77196038.0
2023-10,E-Commerce (Mada),Number of Transactions,78009102.0
2023-11,E-Commerce (Mada),Number of Transactions,78091923.0
2023-12,E-Commerce (Mada),Number of Transactions,81033027.0
